ssri_id,mao_id,included,classes,source_line
D00326,D00346,false,,
D00326,D00505,false,,
D00326,D00785,true,CI,1
D00326,D00826,false,,
D00326,D01097,false,,
D00326,D01501,false,,
D00326,D01888,false,,
D00326,D02002,false,,
D00326,D02559,false,,
D00326,D02560,false,,
D00326,D02561,false,,
D00326,D02562,true,CI,4
D00326,D02563,false,,
D00326,D02564,false,,
D00326,D02579,false,,
D00326,D02580,false,,
D00326,D02581,false,,
D00326,D03239,false,,
D00326,D03248,false,,
D00326,D03409,false,,
D00326,D03731,true,CI,6
D00326,D03733,false,,
D00326,D04092,false,,
D00326,D04681,false,,
D00326,D05033,false,,
D00326,D05039,false,,
D00326,D05040,false,,
D00326,D07337,false,,
D00326,D07338,false,,
D00326,D08085,false,,
D00326,D08349,false,,
D00326,D08392,false,,
D00326,D08393,false,,
D00326,D08453,false,,
D00326,D08469,false,,
D00326,D08625,false,,
D00326,D09773,false,,
D00326,D10158,false,,
D00326,D10191,true,CI,9
D00326,D10829,false,,
D00822,D00346,false,,
D00822,D00505,false,,
D00822,D00785,true,CI,94
D00822,D00826,false,,
D00822,D01097,false,,
D00822,D01501,false,,
D00822,D01888,false,,
D00822,D02002,false,,
D00822,D02559,false,,
D00822,D02560,false,,
D00822,D02561,false,,
D00822,D02562,true,CI,97
D00822,D02563,false,,
D00822,D02564,false,,
D00822,D02579,false,,
D00822,D02580,false,,
D00822,D02581,false,,
D00822,D03239,false,,
D00822,D03248,false,,
D00822,D03409,false,,
D00822,D03731,true,CI,99
D00822,D03733,false,,
D00822,D04092,false,,
D00822,D04681,false,,
D00822,D05033,false,,
D00822,D05039,false,,
D00822,D05040,false,,
D00822,D07337,false,,
D00822,D07338,false,,
D00822,D08085,false,,
D00822,D08349,false,,
D00822,D08392,false,,
D00822,D08393,false,,
D00822,D08453,false,,
D00822,D08469,false,,
D00822,D08625,false,,
D00822,D09773,false,,
D00822,D10158,false,,
D00822,D10191,true,CI,102
D00822,D10829,false,,
D00823,D00346,false,,
D00823,D00505,false,,
D00823,D00785,true,CI,103
D00823,D00826,false,,
D00823,D01097,false,,
D00823,D01501,false,,
D00823,D01888,false,,
D00823,D02002,false,,
D00823,D02559,false,,
D00823,D02560,false,,
D00823,D02561,false,,
D00823,D02562,true,CI,106
D00823,D02563,false,,
D00823,D02564,false,,
D00823,D02579,false,,
D00823,D02580,false,,
D00823,D02581,false,,
D00823,D03239,false,,
D00823,D03248,false,,
D00823,D03409,false,,
D00823,D03731,true,CI,108
D00823,D03733,false,,
D00823,D04092,false,,
D00823,D04681,false,,
D00823,D05033,false,,
D00823,D05039,false,,
D00823,D05040,false,,
D00823,D07337,false,,
D00823,D07338,false,,
D00823,D08085,false,,
D00823,D08349,false,,
D00823,D08392,false,,
D00823,D08393,false,,
D00823,D08453,false,,
D00823,D08469,false,,
D00823,D08625,false,,
D00823,D09773,false,,
D00823,D10158,false,,
D00823,D10191,true,CI,111
D00823,D10829,false,,
D00824,D00346,true,CI,113
D00824,D00505,true,CI,114
D00824,D00785,true,CI,115
D00824,D00826,true,CI,119
D00824,D01097,true,CI,120
D00824,D01501,true,CI,121
D00824,D01888,true,CI,122
D00824,D02002,true,CI,123
D00824,D02559,true,CI,127
D00824,D02560,true,CI,128
D00824,D02561,true,CI,129
D00824,D02562,true,"CI,P",130
D00824,D02563,true,CI,131
D00824,D02564,true,CI,132
D00824,D02579,true,CI,134
D00824,D02580,true,CI,135
D00824,D02581,true,CI,136
D00824,D03239,true,CI,138
D00824,D03248,true,CI,139
D00824,D03409,true,CI,140
D00824,D03731,true,CI,142
D00824,D03733,true,CI,143
D00824,D04092,true,CI,144
D00824,D04681,true,CI,146
D00824,D05033,true,CI,147
D00824,D05039,true,CI,148
D00824,D05040,true,CI,149
D00824,D07337,true,CI,154
D00824,D07338,true,CI,155
D00824,D08085,true,CI,160
D00824,D08349,true,CI,161
D00824,D08392,true,CI,162
D00824,D08393,true,CI,163
D00824,D08453,true,CI,164
D00824,D08469,true,CI,165
D00824,D08625,true,CI,166
D00824,D09773,true,CI,167
D00824,D10158,true,CI,168
D00824,D10191,true,CI,169
D00824,D10829,true,CI,170
D00825,D00346,true,CI,171
D00825,D00505,true,CI,172
D00825,D00785,true,CI,173
D00825,D00826,true,CI,175
D00825,D01097,true,CI,176
D00825,D01501,true,CI,177
D00825,D01888,true,CI,178
D00825,D02002,true,CI,179
D00825,D02559,true,CI,181
D00825,D02560,true,CI,182
D00825,D02561,true,CI,183
D00825,D02562,true,CI,184
D00825,D02563,true,CI,185
D00825,D02564,true,CI,186
D00825,D02579,true,CI,188
D00825,D02580,true,CI,189
D00825,D02581,true,CI,190
D00825,D03239,true,CI,191
D00825,D03248,true,CI,192
D00825,D03409,true,CI,193
D00825,D03731,true,CI,194
D00825,D03733,true,CI,195
D00825,D04092,true,CI,196
D00825,D04681,true,CI,197
D00825,D05033,true,CI,198
D00825,D05039,true,CI,199
D00825,D05040,true,CI,200
D00825,D07337,true,CI,203
D00825,D07338,true,CI,204
D00825,D08085,true,CI,205
D00825,D08349,true,CI,206
D00825,D08392,true,CI,207
D00825,D08393,true,CI,208
D00825,D08453,true,CI,209
D00825,D08469,true,CI,210
D00825,D08625,true,CI,211
D00825,D09773,true,CI,212
D00825,D10158,true,CI,213
D00825,D10191,true,CI,214
D00825,D10829,true,CI,215
D02260,D00346,true,CI,269
D02260,D00505,true,CI,270
D02260,D00785,true,CI,271
D02260,D00826,true,CI,276
D02260,D01097,true,CI,277
D02260,D01501,true,CI,278
D02260,D01888,true,CI,279
D02260,D02002,true,CI,280
D02260,D02559,true,CI,283
D02260,D02560,true,CI,284
D02260,D02561,true,CI,285
D02260,D02562,true,CI,286
D02260,D02563,true,CI,287
D02260,D02564,true,CI,288
D02260,D02579,true,CI,290
D02260,D02580,true,CI,291
D02260,D02581,true,CI,292
D02260,D03239,true,CI,294
D02260,D03248,true,CI,295
D02260,D03409,true,CI,296
D02260,D03731,true,CI,298
D02260,D03733,true,CI,299
D02260,D04092,true,CI,300
D02260,D04681,true,CI,302
D02260,D05033,true,CI,303
D02260,D05039,true,CI,304
D02260,D05040,true,CI,305
D02260,D07337,true,CI,310
D02260,D07338,true,CI,311
D02260,D08085,true,CI,316
D02260,D08349,true,CI,317
D02260,D08392,true,CI,318
D02260,D08393,true,CI,319
D02260,D08453,true,CI,320
D02260,D08469,true,CI,321
D02260,D08625,true,CI,322
D02260,D09773,true,CI,323
D02260,D10158,true,CI,324
D02260,D10191,true,CI,325
D02260,D10829,true,CI,326
D02360,D00346,false,,
D02360,D00505,false,,
D02360,D00785,true,CI,327
D02360,D00826,false,,
D02360,D01097,false,,
D02360,D01501,false,,
D02360,D01888,false,,
D02360,D02002,false,,
D02360,D02559,false,,
D02360,D02560,false,,
D02360,D02561,false,,
D02360,D02562,true,CI,330
D02360,D02563,false,,
D02360,D02564,false,,
D02360,D02579,false,,
D02360,D02580,false,,
D02360,D02581,false,,
D02360,D03239,false,,
D02360,D03248,false,,
D02360,D03409,false,,
D02360,D03731,true,CI,332
D02360,D03733,false,,
D02360,D04092,false,,
D02360,D04681,false,,
D02360,D05033,false,,
D02360,D05039,false,,
D02360,D05040,false,,
D02360,D07337,false,,
D02360,D07338,false,,
D02360,D08085,false,,
D02360,D08349,false,,
D02360,D08392,false,,
D02360,D08393,false,,
D02360,D08453,false,,
D02360,D08469,false,,
D02360,D08625,false,,
D02360,D09773,false,,
D02360,D10158,false,,
D02360,D10191,true,CI,335
D02360,D10829,false,,
D02362,D00346,false,,
D02362,D00505,false,,
D02362,D00785,true,CI,336
D02362,D00826,false,,
D02362,D01097,false,,
D02362,D01501,false,,
D02362,D01888,false,,
D02362,D02002,false,,
D02362,D02559,false,,
D02362,D02560,false,,
D02362,D02561,false,,
D02362,D02562,true,CI,339
D02362,D02563,false,,
D02362,D02564,false,,
D02362,D02579,false,,
D02362,D02580,false,,
D02362,D02581,false,,
D02362,D03239,false,,
D02362,D03248,false,,
D02362,D03409,false,,
D02362,D03731,true,CI,341
D02362,D03733,false,,
D02362,D04092,false,,
D02362,D04681,false,,
D02362,D05033,false,,
D02362,D05039,false,,
D02362,D05040,false,,
D02362,D07337,false,,
D02362,D07338,false,,
D02362,D08085,false,,
D02362,D08349,false,,
D02362,D08392,false,,
D02362,D08393,false,,
D02362,D08453,false,,
D02362,D08469,false,,
D02362,D08625,false,,
D02362,D09773,false,,
D02362,D10158,false,,
D02362,D10191,true,CI,344
D02362,D10829,false,,
D02567,D00346,true,CI,456
D02567,D00505,true,CI,457
D02567,D00785,true,CI,458
D02567,D00826,true,CI,463
D02567,D01097,true,CI,464
D02567,D01501,true,CI,465
D02567,D01888,true,CI,466
D02567,D02002,true,CI,467
D02567,D02559,true,CI,471
D02567,D02560,true,CI,472
D02567,D02561,true,CI,473
D02567,D02562,true,CI,474
D02567,D02563,true,CI,475
D02567,D02564,true,CI,476
D02567,D02579,true,CI,477
D02567,D02580,true,CI,478
D02567,D02581,true,CI,479
D02567,D03239,true,CI,481
D02567,D03248,true,CI,482
D02567,D03409,true,CI,483
D02567,D03731,true,CI,485
D02567,D03733,true,CI,486
D02567,D04092,true,CI,487
D02567,D04681,true,CI,489
D02567,D05033,true,CI,490
D02567,D05039,true,CI,491
D02567,D05040,true,CI,492
D02567,D07337,true,CI,497
D02567,D07338,true,CI,498
D02567,D08085,true,CI,503
D02567,D08349,true,CI,504
D02567,D08392,true,CI,505
D02567,D08393,true,CI,506
D02567,D08453,true,CI,507
D02567,D08469,true,CI,508
D02567,D08625,true,CI,509
D02567,D09773,true,CI,510
D02567,D10158,true,CI,511
D02567,D10191,true,CI,512
D02567,D10829,true,CI,513
D02787,D00346,false,,
D02787,D00505,false,,
D02787,D00785,true,CI,544
D02787,D00826,false,,
D02787,D01097,false,,
D02787,D01501,false,,
D02787,D01888,false,,
D02787,D02002,false,,
D02787,D02559,false,,
D02787,D02560,false,,
D02787,D02561,false,,
D02787,D02562,true,CI,547
D02787,D02563,false,,
D02787,D02564,false,,
D02787,D02579,false,,
D02787,D02580,false,,
D02787,D02581,false,,
D02787,D03239,false,,
D02787,D03248,false,,
D02787,D03409,false,,
D02787,D03731,true,CI,549
D02787,D03733,false,,
D02787,D04092,false,,
D02787,D04681,false,,
D02787,D05033,false,,
D02787,D05039,false,,
D02787,D05040,false,,
D02787,D07337,false,,
D02787,D07338,false,,
D02787,D08085,false,,
D02787,D08349,false,,
D02787,D08392,false,,
D02787,D08393,false,,
D02787,D08453,false,,
D02787,D08469,false,,
D02787,D08625,false,,
D02787,D09773,false,,
D02787,D10158,false,,
D02787,D10191,true,CI,552
D02787,D10829,false,,
D03649,D00346,false,,
D03649,D00505,false,,
D03649,D00785,true,CI,583
D03649,D00826,false,,
D03649,D01097,false,,
D03649,D01501,false,,
D03649,D01888,false,,
D03649,D02002,false,,
D03649,D02559,false,,
D03649,D02560,false,,
D03649,D02561,false,,
D03649,D02562,true,CI,586
D03649,D02563,false,,
D03649,D02564,false,,
D03649,D02579,false,,
D03649,D02580,false,,
D03649,D02581,false,,
D03649,D03239,false,,
D03649,D03248,false,,
D03649,D03409,false,,
D03649,D03731,true,CI,588
D03649,D03733,false,,
D03649,D04092,false,,
D03649,D04681,false,,
D03649,D05033,false,,
D03649,D05039,false,,
D03649,D05040,false,,
D03649,D07337,false,,
D03649,D07338,false,,
D03649,D08085,false,,
D03649,D08349,false,,
D03649,D08392,false,,
D03649,D08393,false,,
D03649,D08453,false,,
D03649,D08469,false,,
D03649,D08625,false,,
D03649,D09773,false,,
D03649,D10158,false,,
D03649,D10191,true,CI,591
D03649,D10829,false,,
D04105,D00346,false,,
D04105,D00505,false,,
D04105,D00785,true,CI,671
D04105,D00826,false,,
D04105,D01097,false,,
D04105,D01501,false,,
D04105,D01888,false,,
D04105,D02002,false,,
D04105,D02559,false,,
D04105,D02560,false,,
D04105,D02561,false,,
D04105,D02562,true,CI,674
D04105,D02563,false,,
D04105,D02564,false,,
D04105,D02579,false,,
D04105,D02580,false,,
D04105,D02581,false,,
D04105,D03239,false,,
D04105,D03248,false,,
D04105,D03409,false,,
D04105,D03731,true,CI,676
D04105,D03733,false,,
D04105,D04092,false,,
D04105,D04681,false,,
D04105,D05033,false,,
D04105,D05039,false,,
D04105,D05040,false,,
D04105,D07337,false,,
D04105,D07338,false,,
D04105,D08085,false,,
D04105,D08349,false,,
D04105,D08392,false,,
D04105,D08393,false,,
D04105,D08453,false,,
D04105,D08469,false,,
D04105,D08625,false,,
D04105,D09773,false,,
D04105,D10158,false,,
D04105,D10191,true,CI,679
D04105,D10829,false,,
D05374,D00346,true,CI,721
D05374,D00505,true,CI,722
D05374,D00785,true,CI,723
D05374,D00826,true,CI,728
D05374,D01097,true,CI,729
D05374,D01501,true,CI,730
D05374,D01888,true,CI,731
D05374,D02002,true,CI,732
D05374,D02559,true,CI,736
D05374,D02560,true,CI,737
D05374,D02561,true,CI,738
D05374,D02562,true,CI,739
D05374,D02563,true,CI,740
D05374,D02564,true,CI,741
D05374,D02579,true,CI,743
D05374,D02580,true,CI,744
D05374,D02581,true,CI,745
D05374,D03239,true,CI,747
D05374,D03248,true,CI,748
D05374,D03409,true,CI,749
D05374,D03731,true,CI,751
D05374,D03733,true,CI,752
D05374,D04092,true,CI,753
D05374,D04681,true,CI,755
D05374,D05033,true,CI,756
D05374,D05039,true,CI,757
D05374,D05040,true,CI,758
D05374,D07337,true,CI,762
D05374,D07338,true,CI,763
D05374,D08085,true,CI,768
D05374,D08349,true,CI,769
D05374,D08392,true,CI,770
D05374,D08393,true,CI,771
D05374,D08453,true,CI,772
D05374,D08469,true,CI,773
D05374,D08625,true,CI,774
D05374,D09773,true,CI,775
D05374,D10158,true,CI,776
D05374,D10191,true,CI,777
D05374,D10829,true,CI,778
D05375,D00346,true,CI,780
D05375,D00505,true,CI,781
D05375,D00785,true,CI,782
D05375,D00826,true,CI,787
D05375,D01097,true,CI,788
D05375,D01501,true,CI,789
D05375,D01888,true,CI,790
D05375,D02002,true,CI,791
D05375,D02559,true,CI,795
D05375,D02560,true,CI,796
D05375,D02561,true,CI,797
D05375,D02562,true,CI,798
D05375,D02563,true,CI,799
D05375,D02564,true,CI,800
D05375,D02579,true,CI,802
D05375,D02580,true,CI,803
D05375,D02581,true,CI,804
D05375,D03239,true,CI,806
D05375,D03248,true,CI,807
D05375,D03409,true,CI,808
D05375,D03731,true,CI,810
D05375,D03733,true,CI,811
D05375,D04092,true,CI,812
D05375,D04681,true,CI,814
D05375,D05033,true,CI,815
D05375,D05039,true,CI,816
D05375,D05040,true,CI,817
D05375,D07337,true,CI,821
D05375,D07338,true,CI,822
D05375,D08085,true,CI,827
D05375,D08349,true,CI,828
D05375,D08392,true,CI,829
D05375,D08393,true,CI,830
D05375,D08453,true,CI,831
D05375,D08469,true,CI,832
D05375,D08625,true,CI,833
D05375,D09773,true,CI,834
D05375,D10158,true,CI,835
D05375,D10191,true,CI,836
D05375,D10829,true,CI,837
D05491,D00346,false,,
D05491,D00505,false,,
D05491,D00785,true,CI,838
D05491,D00826,false,,
D05491,D01097,false,,
D05491,D01501,false,,
D05491,D01888,false,,
D05491,D02002,false,,
D05491,D02559,false,,
D05491,D02560,false,,
D05491,D02561,false,,
D05491,D02562,true,CI,841
D05491,D02563,false,,
D05491,D02564,false,,
D05491,D02579,false,,
D05491,D02580,false,,
D05491,D02581,false,,
D05491,D03239,false,,
D05491,D03248,false,,
D05491,D03409,false,,
D05491,D03731,true,CI,843
D05491,D03733,false,,
D05491,D04092,false,,
D05491,D04681,false,,
D05491,D05033,false,,
D05491,D05039,false,,
D05491,D05040,false,,
D05491,D07337,false,,
D05491,D07338,false,,
D05491,D08085,false,,
D05491,D08349,false,,
D05491,D08392,false,,
D05491,D08393,false,,
D05491,D08453,false,,
D05491,D08469,false,,
D05491,D08625,false,,
D05491,D09773,false,,
D05491,D10158,false,,
D05491,D10191,true,CI,846
D05491,D10829,false,,
D06367,D00346,false,,
D06367,D00505,false,,
D06367,D00785,true,CI,847
D06367,D00826,false,,
D06367,D01097,false,,
D06367,D01501,false,,
D06367,D01888,false,,
D06367,D02002,false,,
D06367,D02559,false,,
D06367,D02560,false,,
D06367,D02561,false,,
D06367,D02562,true,CI,850
D06367,D02563,false,,
D06367,D02564,false,,
D06367,D02579,false,,
D06367,D02580,false,,
D06367,D02581,false,,
D06367,D03239,false,,
D06367,D03248,false,,
D06367,D03409,false,,
D06367,D03731,true,CI,852
D06367,D03733,false,,
D06367,D04092,false,,
D06367,D04681,false,,
D06367,D05033,false,,
D06367,D05039,false,,
D06367,D05040,false,,
D06367,D07337,false,,
D06367,D07338,false,,
D06367,D08085,false,,
D06367,D08349,false,,
D06367,D08392,false,,
D06367,D08393,false,,
D06367,D08453,false,,
D06367,D08469,false,,
D06367,D08625,false,,
D06367,D09773,false,,
D06367,D10158,false,,
D06367,D10191,true,CI,855
D06367,D10829,false,,
D07704,D00346,false,,
D07704,D00505,false,,
D07704,D00785,true,CI,876
D07704,D00826,false,,
D07704,D01097,false,,
D07704,D01501,false,,
D07704,D01888,false,,
D07704,D02002,false,,
D07704,D02559,false,,
D07704,D02560,false,,
D07704,D02561,false,,
D07704,D02562,true,CI,879
D07704,D02563,false,,
D07704,D02564,false,,
D07704,D02579,false,,
D07704,D02580,false,,
D07704,D02581,false,,
D07704,D03239,false,,
D07704,D03248,false,,
D07704,D03409,false,,
D07704,D03731,true,CI,881
D07704,D03733,false,,
D07704,D04092,false,,
D07704,D04681,false,,
D07704,D05033,false,,
D07704,D05039,false,,
D07704,D05040,false,,
D07704,D07337,false,,
D07704,D07338,false,,
D07704,D08085,false,,
D07704,D08349,false,,
D07704,D08392,false,,
D07704,D08393,false,,
D07704,D08453,false,,
D07704,D08469,false,,
D07704,D08625,false,,
D07704,D09773,false,,
D07704,D10158,false,,
D07704,D10191,true,CI,884
D07704,D10829,false,,
D07705,D00346,false,,
D07705,D00505,false,,
D07705,D00785,true,CI,885
D07705,D00826,false,,
D07705,D01097,false,,
D07705,D01501,false,,
D07705,D01888,false,,
D07705,D02002,false,,
D07705,D02559,false,,
D07705,D02560,false,,
D07705,D02561,false,,
D07705,D02562,true,CI,888
D07705,D02563,false,,
D07705,D02564,false,,
D07705,D02579,false,,
D07705,D02580,false,,
D07705,D02581,false,,
D07705,D03239,false,,
D07705,D03248,false,,
D07705,D03409,false,,
D07705,D03731,true,CI,890
D07705,D03733,false,,
D07705,D04092,false,,
D07705,D04681,false,,
D07705,D05033,false,,
D07705,D05039,false,,
D07705,D05040,false,,
D07705,D07337,false,,
D07705,D07338,false,,
D07705,D08085,false,,
D07705,D08349,false,,
D07705,D08392,false,,
D07705,D08393,false,,
D07705,D08453,false,,
D07705,D08469,false,,
D07705,D08625,false,,
D07705,D09773,false,,
D07705,D10158,false,,
D07705,D10191,true,CI,893
D07705,D10829,false,,
D07913,D00346,false,,
D07913,D00505,false,,
D07913,D00785,true,CI,894
D07913,D00826,false,,
D07913,D01097,false,,
D07913,D01501,false,,
D07913,D01888,false,,
D07913,D02002,false,,
D07913,D02559,false,,
D07913,D02560,false,,
D07913,D02561,false,,
D07913,D02562,true,CI,897
D07913,D02563,false,,
D07913,D02564,false,,
D07913,D02579,false,,
D07913,D02580,false,,
D07913,D02581,false,,
D07913,D03239,false,,
D07913,D03248,false,,
D07913,D03409,false,,
D07913,D03731,true,CI,899
D07913,D03733,false,,
D07913,D04092,false,,
D07913,D04681,false,,
D07913,D05033,false,,
D07913,D05039,false,,
D07913,D05040,false,,
D07913,D07337,false,,
D07913,D07338,false,,
D07913,D08085,false,,
D07913,D08349,false,,
D07913,D08392,false,,
D07913,D08393,false,,
D07913,D08453,false,,
D07913,D08469,false,,
D07913,D08625,false,,
D07913,D09773,false,,
D07913,D10158,false,,
D07913,D10191,true,CI,902
D07913,D10829,false,,
D07984,D00346,false,,
D07984,D00505,false,,
D07984,D00785,true,CI,903
D07984,D00826,false,,
D07984,D01097,false,,
D07984,D01501,false,,
D07984,D01888,false,,
D07984,D02002,false,,
D07984,D02559,false,,
D07984,D02560,false,,
D07984,D02561,false,,
D07984,D02562,true,"CI,P",906
D07984,D02563,false,,
D07984,D02564,false,,
D07984,D02579,false,,
D07984,D02580,false,,
D07984,D02581,false,,
D07984,D03239,false,,
D07984,D03248,false,,
D07984,D03409,false,,
D07984,D03731,true,CI,908
D07984,D03733,false,,
D07984,D04092,false,,
D07984,D04681,false,,
D07984,D05033,false,,
D07984,D05039,false,,
D07984,D05040,false,,
D07984,D07337,false,,
D07984,D07338,false,,
D07984,D08085,false,,
D07984,D08349,false,,
D07984,D08392,false,,
D07984,D08393,false,,
D07984,D08453,false,,
D07984,D08469,false,,
D07984,D08625,false,,
D07984,D09773,false,,
D07984,D10158,false,,
D07984,D10191,true,CI,911
D07984,D10829,false,,
