cve_id,path,matchCriteriaId,criteria,vulnerable,versionStartIncluding,versionStartExcluding,versionEndIncluding,versionEndExcluding
CVE-2001-1411,$.configurations[0].nodes[0].cpeMatch[0],786BB737-EA99-4EC6-B742-0C35BF2453F9,cpe:2.3:o:apple:mac_os_x:10.4.9:*:*:*:*:*:*:*,1,,,,
CVE-2001-1412,$.configurations[0].nodes[0].cpeMatch[0],786BB737-EA99-4EC6-B742-0C35BF2453F9,cpe:2.3:o:apple:mac_os_x:10.4.9:*:*:*:*:*:*:*,1,,,,
CVE-2002-1568,$.configurations[0].nodes[0].cpeMatch[0],180D07AE-C571-4DD6-837C-43E2A946007A,cpe:2.3:a:openssl:openssl:0.9.6e:*:*:*:*:*:*:*,1,,,,
CVE-2002-1569,$.configurations[0].nodes[0].cpeMatch[3],01EA37BA-1583-4B74-8578-8ED3DAC7E28E,cpe:2.3:a:ghostview:ghostview:1.5:*:*:*:*:*:*:*,1,,,,
CVE-2002-1569,$.configurations[0].nodes[0].cpeMatch[14],0FE2C974-BC5F-4D18-8B56-6E76CFC8237F,cpe:2.3:a:gv:gv:3.1.6:*:*:*:*:*:*:*,1,,,,
CVE-2002-1569,$.configurations[0].nodes[0].cpeMatch[21],185BFE23-5F13-45A1-B514-21957A613799,cpe:2.3:a:gv:gv:3.5.8:*:*:*:*:*:*:*,1,,,,
CVE-2002-1569,$.configurations[0].nodes[0].cpeMatch[4],21635C49-6F67-4852-A34B-6CA758D92F48,cpe:2.3:a:gv:gv:2.7.6:*:*:*:*:*:*:*,1,,,,
CVE-2002-1569,$.configurations[0].nodes[0].cpeMatch[20],3A29A154-2CF6-441B-8715-84F49F21A15A,cpe:2.3:a:gv:gv:3.5.3:*:*:*:*:*:*:*,1,,,,
CVE-2002-1569,$.configurations[0].nodes[0].cpeMatch[17],4655CA87-E507-4FAF-A848-C502BE8564FD,cpe:2.3:a:gv:gv:3.4.3:*:*:*:*:*:*:*,1,,,,
CVE-2002-1569,$.configurations[0].nodes[0].cpeMatch[15],621BAE10-276D-44DA-A124-51D4A00E7552,cpe:2.3:a:gv:gv:3.2.4:*:*:*:*:*:*:*,1,,,,
CVE-2002-1569,$.configurations[0].nodes[0].cpeMatch[8],6A2C2C2E-227C-477A-8E6B-D82C941A778F,cpe:2.3:a:gv:gv:2.7b4:*:*:*:*:*:*:*,1,,,,
CVE-2002-1569,$.configurations[0].nodes[0].cpeMatch[2],7D3AC6EB-BEE8-404E-ABEE-3FCE9A9DEE36,cpe:2.3:a:ghostview:ghostview:1.4.1:*:*:*:*:*:*:*,1,,,,
CVE-2002-1569,$.configurations[0].nodes[0].cpeMatch[7],81853A68-8286-4159-87FC-91CE94484DDE,cpe:2.3:a:gv:gv:2.7b3:*:*:*:*:*:*:*,1,,,,
CVE-2002-1569,$.configurations[0].nodes[0].cpeMatch[12],8F698620-41A9-4058-B3A2-68134FDEACD0,cpe:2.3:a:gv:gv:3.0.4:*:*:*:*:*:*:*,1,,,,
CVE-2002-1569,$.configurations[0].nodes[0].cpeMatch[13],9775BB2D-B945-4533-BBA7-2602CD4B2C0B,cpe:2.3:a:gv:gv:3.1.4:*:*:*:*:*:*:*,1,,,,
CVE-2002-1569,$.configurations[0].nodes[0].cpeMatch[9],9B0FE26D-8B0B-4620-BC5B-6C0E0D635FA5,cpe:2.3:a:gv:gv:2.7b5:*:*:*:*:*:*:*,1,,,,
CVE-2002-1569,$.configurations[0].nodes[0].cpeMatch[5],B2CDF1F6-AEA8-493B-AF8E-B06C2AFD0DCC,cpe:2.3:a:gv:gv:2.7b1:*:*:*:*:*:*:*,1,,,,
CVE-2002-1569,$.configurations[0].nodes[0].cpeMatch[10],BDB7A45D-C67B-4D46-94AF-3BAA75C06157,cpe:2.3:a:gv:gv:2.9.4:*:*:*:*:*:*:*,1,,,,
CVE-2002-1569,$.configurations[0].nodes[0].cpeMatch[16],CE42231C-7764-41ED-B7A3-641CFC58BBC8,cpe:2.3:a:gv:gv:3.4.2:*:*:*:*:*:*:*,1,,,,
CVE-2002-1569,$.configurations[0].nodes[0].cpeMatch[11],D68136DD-B309-47D7-9320-D48EF6E0F9B9,cpe:2.3:a:gv:gv:3.0.0:*:*:*:*:*:*:*,1,,,,
CVE-2002-1569,$.configurations[0].nodes[0].cpeMatch[1],D8C56CA2-6EAA-4F86-B637-69602FCA12BF,cpe:2.3:a:ghostview:ghostview:1.4:*:*:*:*:*:*:*,1,,,,
CVE-2002-1569,$.configurations[0].nodes[0].cpeMatch[0],DA5F8E03-79D8-4C2B-AD85-59D23B5B202A,cpe:2.3:a:ghostview:ghostview:1.3:*:*:*:*:*:*:*,1,,,,
CVE-2002-1569,$.configurations[0].nodes[0].cpeMatch[18],DAE9A7B0-6DF8-44BC-A9EC-7EB89AC91722,cpe:2.3:a:gv:gv:3.4.12:*:*:*:*:*:*:*,1,,,,
CVE-2002-1569,$.configurations[0].nodes[0].cpeMatch[19],DB5E5D66-FF08-4B26-A2BD-421E7FFF73B2,cpe:2.3:a:gv:gv:3.5.2:*:*:*:*:*:*:*,1,,,,
CVE-2002-1569,$.configurations[0].nodes[0].cpeMatch[6],E062D50D-DEFA-45A6-B749-E3B7CAACD621,cpe:2.3:a:gv:gv:2.7b2:*:*:*:*:*:*:*,1,,,,
CVE-2003-0543,$.configurations[0].nodes[0].cpeMatch[1],45A518E8-21BE-4C5C-B425-410AB1208E9C,cpe:2.3:a:openssl:openssl:0.9.7:*:*:*:*:*:*:*,1,,,,
CVE-2003-0543,$.configurations[0].nodes[0].cpeMatch[0],B5E4742C-A983-4F00-B24F-AB280C0E876D,cpe:2.3:a:openssl:openssl:0.9.6:*:*:*:*:*:*:*,1,,,,
CVE-2003-0544,$.configurations[0].nodes[0].cpeMatch[1],45A518E8-21BE-4C5C-B425-410AB1208E9C,cpe:2.3:a:openssl:openssl:0.9.7:*:*:*:*:*:*:*,1,,,,
CVE-2003-0544,$.configurations[0].nodes[0].cpeMatch[0],B5E4742C-A983-4F00-B24F-AB280C0E876D,cpe:2.3:a:openssl:openssl:0.9.6:*:*:*:*:*:*:*,1,,,,
CVE-2003-0545,$.configurations[0].nodes[0].cpeMatch[1],45A518E8-21BE-4C5C-B425-410AB1208E9C,cpe:2.3:a:openssl:openssl:0.9.7:*:*:*:*:*:*:*,1,,,,
CVE-2003-0545,$.configurations[0].nodes[0].cpeMatch[0],B5E4742C-A983-4F00-B24F-AB280C0E876D,cpe:2.3:a:openssl:openssl:0.9.6:*:*:*:*:*:*:*,1,,,,
CVE-2003-0659,$.configurations[0].nodes[0].cpeMatch[26],02BE9817-E1AE-4619-8302-CA7AA4167F48,cpe:2.3:o:microsoft:windows_nt:4.0:sp3:workstation:*:*:*:*:*,1,,,,
CVE-2003-0659,$.configurations[0].nodes[0].cpeMatch[15],064F4E76-1B89-4FA5-97ED-64624285C014,cpe:2.3:o:microsoft:windows_nt:4.0:sp1:enterprise_server:*:*:*:*:*,1,,,,
CVE-2003-0659,$.configurations[0].nodes[0].cpeMatch[16],089A953C-8446-4E6F-B506-430C38DF37B1,cpe:2.3:o:microsoft:windows_nt:4.0:sp1:server:*:*:*:*:*,1,,,,
CVE-2003-0659,$.configurations[0].nodes[0].cpeMatch[34],12ED7363-6EEE-4688-A9B7-C5EB1107A7B4,cpe:2.3:o:microsoft:windows_nt:4.0:sp5:workstation:*:*:*:*:*,1,,,,
CVE-2003-0659,$.configurations[0].nodes[0].cpeMatch[25],224F8968-9F4C-4727-AAA3-61F5578EF54C,cpe:2.3:o:microsoft:windows_nt:4.0:sp3:terminal_server:*:*:*:*:*,1,,,,
CVE-2003-0659,$.configurations[0].nodes[0].cpeMatch[11],237D7C18-C8D6-4FDB-A160-FA17DD46A55A,cpe:2.3:o:microsoft:windows_nt:4.0:*:enterprise_server:*:*:*:*:*,1,,,,
CVE-2003-0659,$.configurations[0].nodes[0].cpeMatch[1],294EBA01-147B-4DA0-937E-ACBB655EDE53,cpe:2.3:o:microsoft:windows_2000:*:sp1:*:*:*:*:*:*,1,,,,
CVE-2003-0659,$.configurations[0].nodes[0].cpeMatch[8],34ACB544-87DD-4D9A-99F0-A10F48C1EE05,cpe:2.3:o:microsoft:windows_2003_server:r2:*:datacenter_64-bit:*:*:*:*:*,1,,,,
CVE-2003-0659,$.configurations[0].nodes[0].cpeMatch[14],35346A7B-2CB5-446D-B0C3-1F21D71A746D,cpe:2.3:o:microsoft:windows_nt:4.0:*:workstation:*:*:*:*:*,1,,,,
CVE-2003-0659,$.configurations[0].nodes[0].cpeMatch[27],363E3895-A19B-42EC-B479-765168DC0B17,cpe:2.3:o:microsoft:windows_nt:4.0:sp4:enterprise_server:*:*:*:*:*,1,,,,
CVE-2003-0659,$.configurations[0].nodes[0].cpeMatch[29],407DA6E8-0832-49FE-AE14-35C104C237EC,cpe:2.3:o:microsoft:windows_nt:4.0:sp4:terminal_server:*:*:*:*:*,1,,,,
CVE-2003-0659,$.configurations[0].nodes[0].cpeMatch[18],416F06DD-980E-4A54-822D-CBA499FD1F86,cpe:2.3:o:microsoft:windows_nt:4.0:sp1:workstation:*:*:*:*:*,1,,,,
CVE-2003-0659,$.configurations[0].nodes[0].cpeMatch[48],49693FA0-BF34-438B-AFF2-75ACC8A6D2E6,cpe:2.3:o:microsoft:windows_xp:*:sp1:home:*:*:*:*:*,1,,,,
CVE-2003-0659,$.configurations[0].nodes[0].cpeMatch[45],4BF263CB-4239-4DB0-867C-9069ED02CAD7,cpe:2.3:o:microsoft:windows_xp:*:gold:professional:*:*:*:*:*,1,,,,
CVE-2003-0659,$.configurations[0].nodes[0].cpeMatch[0],4E545C63-FE9C-4CA1-AF0F-D999D84D2AFD,cpe:2.3:o:microsoft:windows_2000:*:*:*:*:*:*:*:*,1,,,,
CVE-2003-0659,$.configurations[0].nodes[0].cpeMatch[2],4E8B7346-F2AA-434C-A048-7463EC1BB117,cpe:2.3:o:microsoft:windows_2000:*:sp2:*:*:*:*:*:*,1,,,,
CVE-2003-0659,$.configurations[0].nodes[0].cpeMatch[7],5D42E51C-740A-4441-8BAF-D073111B984C,cpe:2.3:o:microsoft:windows_2003_server:r2:*:64-bit:*:*:*:*:*,1,,,,
CVE-2003-0659,$.configurations[0].nodes[0].cpeMatch[20],656AE014-AEEC-46E8-A696-61FEA7932F21,cpe:2.3:o:microsoft:windows_nt:4.0:sp2:server:*:*:*:*:*,1,,,,
CVE-2003-0659,$.configurations[0].nodes[0].cpeMatch[13],6E7E6AD3-5418-4FEA-84B5-833059CA880D,cpe:2.3:o:microsoft:windows_nt:4.0:*:terminal_server:*:*:*:*:*,1,,,,
CVE-2003-0659,$.configurations[0].nodes[0].cpeMatch[9],74AD256D-4BCE-41FB-AD73-C5C63A59A06D,cpe:2.3:o:microsoft:windows_2003_server:standard:*:64-bit:*:*:*:*:*,1,,,,
CVE-2003-0659,$.configurations[0].nodes[0].cpeMatch[12],7C5FCE82-1E2F-49B9-B504-8C03F2BCF296,cpe:2.3:o:microsoft:windows_nt:4.0:*:server:*:*:*:*:*,1,,,,
CVE-2003-0659,$.configurations[0].nodes[0].cpeMatch[31],81B7961D-151D-4773-80CB-CCD0456BFEAA,cpe:2.3:o:microsoft:windows_nt:4.0:sp5:enterprise_server:*:*:*:*:*,1,,,,
CVE-2003-0659,$.configurations[0].nodes[0].cpeMatch[32],82781A72-A34F-4668-9EE8-C203B04E3367,cpe:2.3:o:microsoft:windows_nt:4.0:sp5:server:*:*:*:*:*,1,,,,
CVE-2003-0659,$.configurations[0].nodes[0].cpeMatch[4],83E7C4A0-78CF-4B56-82BF-EC932BDD8ADF,cpe:2.3:o:microsoft:windows_2000:*:sp4:*:*:*:*:*:*,1,,,,
CVE-2003-0659,$.configurations[0].nodes[0].cpeMatch[30],88B70B7A-5BCC-4626-AAC7-D1ACFF25D66E,cpe:2.3:o:microsoft:windows_nt:4.0:sp4:workstation:*:*:*:*:*,1,,,,
CVE-2003-0659,$.configurations[0].nodes[0].cpeMatch[40],90CFA69B-7814-4F97-A14D-D76310065CF3,cpe:2.3:o:microsoft:windows_nt:4.0:sp6a:server:*:*:*:*:*,1,,,,
CVE-2003-0659,$.configurations[0].nodes[0].cpeMatch[42],91D6D065-A28D-49DA-B7F4-38421FF86498,cpe:2.3:o:microsoft:windows_xp:*:*:64-bit:*:*:*:*:*,1,,,,
CVE-2003-0659,$.configurations[0].nodes[0].cpeMatch[24],93BA426E-DD51-44AC-BE78-3164670FF9E1,cpe:2.3:o:microsoft:windows_nt:4.0:sp3:server:*:*:*:*:*,1,,,,
CVE-2003-0659,$.configurations[0].nodes[0].cpeMatch[22],A08D0EA1-DA1B-4C52-883A-3F156F032517,cpe:2.3:o:microsoft:windows_nt:4.0:sp2:workstation:*:*:*:*:*,1,,,,
CVE-2003-0659,$.configurations[0].nodes[0].cpeMatch[41],AB6ADBAF-6EB0-4CFA-9D33-A814AC20484E,cpe:2.3:o:microsoft:windows_nt:4.0:sp6a:workstation:*:*:*:*:*,1,,,,
CVE-2003-0659,$.configurations[0].nodes[0].cpeMatch[47],ADEBB882-1C55-4B7B-B4CF-F1B23502FD90,cpe:2.3:o:microsoft:windows_xp:*:sp1:embedded:*:*:*:*:*,1,,,,
CVE-2003-0659,$.configurations[0].nodes[0].cpeMatch[33],AFE612D2-DF38-404F-AED1-B8C9C24012DE,cpe:2.3:o:microsoft:windows_nt:4.0:sp5:terminal_server:*:*:*:*:*,1,,,,
CVE-2003-0659,$.configurations[0].nodes[0].cpeMatch[6],B127407D-AE50-4AFE-A780-D85B5AF44A2D,cpe:2.3:o:microsoft:windows_2003_server:enterprise_64-bit:*:*:*:*:*:*:*,1,,,,
CVE-2003-0659,$.configurations[0].nodes[0].cpeMatch[46],B3BBBB2E-1699-4E1E-81BB-7A394DD6B31D,cpe:2.3:o:microsoft:windows_xp:*:sp1:64-bit:*:*:*:*:*,1,,,,
CVE-2003-0659,$.configurations[0].nodes[0].cpeMatch[10],B518E945-5FDE-4A37-878D-6946653C91F7,cpe:2.3:o:microsoft:windows_2003_server:web:*:*:*:*:*:*:*,1,,,,
CVE-2003-0659,$.configurations[0].nodes[0].cpeMatch[35],B5CAF64E-98AA-4813-A2A2-5AC3387CF230,cpe:2.3:o:microsoft:windows_nt:4.0:sp6:enterprise_server:*:*:*:*:*,1,,,,
CVE-2003-0659,$.configurations[0].nodes[0].cpeMatch[43],B95B2BE4-B4E0-4B77-9999-53B9224F5CB1,cpe:2.3:o:microsoft:windows_xp:*:*:embedded:*:*:*:*:*,1,,,,
CVE-2003-0659,$.configurations[0].nodes[0].cpeMatch[44],BC176BB0-1655-4BEA-A841-C4158167CC9B,cpe:2.3:o:microsoft:windows_xp:*:*:home:*:*:*:*:*,1,,,,
CVE-2003-0659,$.configurations[0].nodes[0].cpeMatch[37],BCC5E316-FB61-408B-BAA2-7FE03D581250,cpe:2.3:o:microsoft:windows_nt:4.0:sp6:terminal_server:*:*:*:*:*,1,,,,
CVE-2003-0659,$.configurations[0].nodes[0].cpeMatch[36],BCDFDBBA-6C4F-472A-9F4F-461C424794E7,cpe:2.3:o:microsoft:windows_nt:4.0:sp6:server:*:*:*:*:*,1,,,,
CVE-2003-0659,$.configurations[0].nodes[0].cpeMatch[3],BE1A6107-DE00-4A1C-87FC-9E4015165B5B,cpe:2.3:o:microsoft:windows_2000:*:sp3:*:*:*:*:*:*,1,,,,
CVE-2003-0659,$.configurations[0].nodes[0].cpeMatch[39],CA7BA525-6DB8-4444-934A-932AFED69816,cpe:2.3:o:microsoft:windows_nt:4.0:sp6a:enterprise_server:*:*:*:*:*,1,,,,
CVE-2003-0659,$.configurations[0].nodes[0].cpeMatch[23],DA267420-56C5-4697-B0AA-52932F78B24B,cpe:2.3:o:microsoft:windows_nt:4.0:sp3:enterprise_server:*:*:*:*:*,1,,,,
CVE-2003-0659,$.configurations[0].nodes[0].cpeMatch[5],E69D0E21-8C62-403E-8097-2CA403CBBB1B,cpe:2.3:o:microsoft:windows_2003_server:enterprise:*:64-bit:*:*:*:*:*,1,,,,
CVE-2003-0659,$.configurations[0].nodes[0].cpeMatch[17],EA262C44-C0E6-493A-B8E5-4D26E4013226,cpe:2.3:o:microsoft:windows_nt:4.0:sp1:terminal_server:*:*:*:*:*,1,,,,
CVE-2003-0659,$.configurations[0].nodes[0].cpeMatch[21],EB519FE0-9E7D-4E71-8873-356C9D7CEAB5,cpe:2.3:o:microsoft:windows_nt:4.0:sp2:terminal_server:*:*:*:*:*,1,,,,
CVE-2003-0659,$.configurations[0].nodes[0].cpeMatch[38],EDDD8DA8-D074-4543-AEDF-F856B5567F21,cpe:2.3:o:microsoft:windows_nt:4.0:sp6:workstation:*:*:*:*:*,1,,,,
CVE-2003-0659,$.configurations[0].nodes[0].cpeMatch[19],F66DC6FF-2B3D-4718-838F-9E055E89961F,cpe:2.3:o:microsoft:windows_nt:4.0:sp2:enterprise_server:*:*:*:*:*,1,,,,
CVE-2003-0659,$.configurations[0].nodes[0].cpeMatch[28],FBBBF25A-709B-4716-9894-AD82180091AD,cpe:2.3:o:microsoft:windows_nt:4.0:sp4:server:*:*:*:*:*,1,,,,
CVE-2003-0660,$.configurations[0].nodes[0].cpeMatch[26],02BE9817-E1AE-4619-8302-CA7AA4167F48,cpe:2.3:o:microsoft:windows_nt:4.0:sp3:workstation:*:*:*:*:*,1,,,,
CVE-2003-0660,$.configurations[0].nodes[0].cpeMatch[15],064F4E76-1B89-4FA5-97ED-64624285C014,cpe:2.3:o:microsoft:windows_nt:4.0:sp1:enterprise_server:*:*:*:*:*,1,,,,
CVE-2003-0660,$.configurations[0].nodes[0].cpeMatch[16],089A953C-8446-4E6F-B506-430C38DF37B1,cpe:2.3:o:microsoft:windows_nt:4.0:sp1:server:*:*:*:*:*,1,,,,
CVE-2003-0660,$.configurations[0].nodes[0].cpeMatch[34],12ED7363-6EEE-4688-A9B7-C5EB1107A7B4,cpe:2.3:o:microsoft:windows_nt:4.0:sp5:workstation:*:*:*:*:*,1,,,,
CVE-2003-0660,$.configurations[0].nodes[0].cpeMatch[25],224F8968-9F4C-4727-AAA3-61F5578EF54C,cpe:2.3:o:microsoft:windows_nt:4.0:sp3:terminal_server:*:*:*:*:*,1,,,,
CVE-2003-0660,$.configurations[0].nodes[0].cpeMatch[11],237D7C18-C8D6-4FDB-A160-FA17DD46A55A,cpe:2.3:o:microsoft:windows_nt:4.0:*:enterprise_server:*:*:*:*:*,1,,,,
CVE-2003-0660,$.configurations[0].nodes[0].cpeMatch[1],294EBA01-147B-4DA0-937E-ACBB655EDE53,cpe:2.3:o:microsoft:windows_2000:*:sp1:*:*:*:*:*:*,1,,,,
CVE-2003-0660,$.configurations[0].nodes[0].cpeMatch[8],34ACB544-87DD-4D9A-99F0-A10F48C1EE05,cpe:2.3:o:microsoft:windows_2003_server:r2:*:datacenter_64-bit:*:*:*:*:*,1,,,,
CVE-2003-0660,$.configurations[0].nodes[0].cpeMatch[14],35346A7B-2CB5-446D-B0C3-1F21D71A746D,cpe:2.3:o:microsoft:windows_nt:4.0:*:workstation:*:*:*:*:*,1,,,,
CVE-2003-0660,$.configurations[0].nodes[0].cpeMatch[27],363E3895-A19B-42EC-B479-765168DC0B17,cpe:2.3:o:microsoft:windows_nt:4.0:sp4:enterprise_server:*:*:*:*:*,1,,,,
CVE-2003-0660,$.configurations[0].nodes[0].cpeMatch[29],407DA6E8-0832-49FE-AE14-35C104C237EC,cpe:2.3:o:microsoft:windows_nt:4.0:sp4:terminal_server:*:*:*:*:*,1,,,,
CVE-2003-0660,$.configurations[0].nodes[0].cpeMatch[18],416F06DD-980E-4A54-822D-CBA499FD1F86,cpe:2.3:o:microsoft:windows_nt:4.0:sp1:workstation:*:*:*:*:*,1,,,,
CVE-2003-0660,$.configurations[0].nodes[0].cpeMatch[48],49693FA0-BF34-438B-AFF2-75ACC8A6D2E6,cpe:2.3:o:microsoft:windows_xp:*:sp1:home:*:*:*:*:*,1,,,,
CVE-2003-0660,$.configurations[0].nodes[0].cpeMatch[45],4BF263CB-4239-4DB0-867C-9069ED02CAD7,cpe:2.3:o:microsoft:windows_xp:*:gold:professional:*:*:*:*:*,1,,,,
CVE-2003-0660,$.configurations[0].nodes[0].cpeMatch[0],4E545C63-FE9C-4CA1-AF0F-D999D84D2AFD,cpe:2.3:o:microsoft:windows_2000:*:*:*:*:*:*:*:*,1,,,,
CVE-2003-0660,$.configurations[0].nodes[0].cpeMatch[2],4E8B7346-F2AA-434C-A048-7463EC1BB117,cpe:2.3:o:microsoft:windows_2000:*:sp2:*:*:*:*:*:*,1,,,,
CVE-2003-0660,$.configurations[0].nodes[0].cpeMatch[7],5D42E51C-740A-4441-8BAF-D073111B984C,cpe:2.3:o:microsoft:windows_2003_server:r2:*:64-bit:*:*:*:*:*,1,,,,
CVE-2003-0660,$.configurations[0].nodes[0].cpeMatch[20],656AE014-AEEC-46E8-A696-61FEA7932F21,cpe:2.3:o:microsoft:windows_nt:4.0:sp2:server:*:*:*:*:*,1,,,,
CVE-2003-0660,$.configurations[0].nodes[0].cpeMatch[13],6E7E6AD3-5418-4FEA-84B5-833059CA880D,cpe:2.3:o:microsoft:windows_nt:4.0:*:terminal_server:*:*:*:*:*,1,,,,
CVE-2003-0660,$.configurations[0].nodes[0].cpeMatch[9],74AD256D-4BCE-41FB-AD73-C5C63A59A06D,cpe:2.3:o:microsoft:windows_2003_server:standard:*:64-bit:*:*:*:*:*,1,,,,
CVE-2003-0660,$.configurations[0].nodes[0].cpeMatch[12],7C5FCE82-1E2F-49B9-B504-8C03F2BCF296,cpe:2.3:o:microsoft:windows_nt:4.0:*:server:*:*:*:*:*,1,,,,
CVE-2003-0660,$.configurations[0].nodes[0].cpeMatch[31],81B7961D-151D-4773-80CB-CCD0456BFEAA,cpe:2.3:o:microsoft:windows_nt:4.0:sp5:enterprise_server:*:*:*:*:*,1,,,,
CVE-2003-0660,$.configurations[0].nodes[0].cpeMatch[32],82781A72-A34F-4668-9EE8-C203B04E3367,cpe:2.3:o:microsoft:windows_nt:4.0:sp5:server:*:*:*:*:*,1,,,,
CVE-2003-0660,$.configurations[0].nodes[0].cpeMatch[4],83E7C4A0-78CF-4B56-82BF-EC932BDD8ADF,cpe:2.3:o:microsoft:windows_2000:*:sp4:*:*:*:*:*:*,1,,,,
CVE-2003-0660,$.configurations[0].nodes[0].cpeMatch[30],88B70B7A-5BCC-4626-AAC7-D1ACFF25D66E,cpe:2.3:o:microsoft:windows_nt:4.0:sp4:workstation:*:*:*:*:*,1,,,,
CVE-2003-0660,$.configurations[0].nodes[0].cpeMatch[40],90CFA69B-7814-4F97-A14D-D76310065CF3,cpe:2.3:o:microsoft:windows_nt:4.0:sp6a:server:*:*:*:*:*,1,,,,
CVE-2003-0660,$.configurations[0].nodes[0].cpeMatch[42],91D6D065-A28D-49DA-B7F4-38421FF86498,cpe:2.3:o:microsoft:windows_xp:*:*:64-bit:*:*:*:*:*,1,,,,
CVE-2003-0660,$.configurations[0].nodes[0].cpeMatch[24],93BA426E-DD51-44AC-BE78-3164670FF9E1,cpe:2.3:o:microsoft:windows_nt:4.0:sp3:server:*:*:*:*:*,1,,,,
CVE-2003-0660,$.configurations[0].nodes[0].cpeMatch[22],A08D0EA1-DA1B-4C52-883A-3F156F032517,cpe:2.3:o:microsoft:windows_nt:4.0:sp2:workstation:*:*:*:*:*,1,,,,
CVE-2003-0660,$.configurations[0].nodes[0].cpeMatch[41],AB6ADBAF-6EB0-4CFA-9D33-A814AC20484E,cpe:2.3:o:microsoft:windows_nt:4.0:sp6a:workstation:*:*:*:*:*,1,,,,
CVE-2003-0660,$.configurations[0].nodes[0].cpeMatch[47],ADEBB882-1C55-4B7B-B4CF-F1B23502FD90,cpe:2.3:o:microsoft:windows_xp:*:sp1:embedded:*:*:*:*:*,1,,,,
CVE-2003-0660,$.configurations[0].nodes[0].cpeMatch[33],AFE612D2-DF38-404F-AED1-B8C9C24012DE,cpe:2.3:o:microsoft:windows_nt:4.0:sp5:terminal_server:*:*:*:*:*,1,,,,
CVE-2003-0660,$.configurations[0].nodes[0].cpeMatch[6],B127407D-AE50-4AFE-A780-D85B5AF44A2D,cpe:2.3:o:microsoft:windows_2003_server:enterprise_64-bit:*:*:*:*:*:*:*,1,,,,
CVE-2003-0660,$.configurations[0].nodes[0].cpeMatch[46],B3BBBB2E-1699-4E1E-81BB-7A394DD6B31D,cpe:2.3:o:microsoft:windows_xp:*:sp1:64-bit:*:*:*:*:*,1,,,,
CVE-2003-0660,$.configurations[0].nodes[0].cpeMatch[10],B518E945-5FDE-4A37-878D-6946653C91F7,cpe:2.3:o:microsoft:windows_2003_server:web:*:*:*:*:*:*:*,1,,,,
CVE-2003-0660,$.configurations[0].nodes[0].cpeMatch[35],B5CAF64E-98AA-4813-A2A2-5AC3387CF230,cpe:2.3:o:microsoft:windows_nt:4.0:sp6:enterprise_server:*:*:*:*:*,1,,,,
CVE-2003-0660,$.configurations[0].nodes[0].cpeMatch[43],B95B2BE4-B4E0-4B77-9999-53B9224F5CB1,cpe:2.3:o:microsoft:windows_xp:*:*:embedded:*:*:*:*:*,1,,,,
CVE-2003-0660,$.configurations[0].nodes[0].cpeMatch[44],BC176BB0-1655-4BEA-A841-C4158167CC9B,cpe:2.3:o:microsoft:windows_xp:*:*:home:*:*:*:*:*,1,,,,
CVE-2003-0660,$.configurations[0].nodes[0].cpeMatch[37],BCC5E316-FB61-408B-BAA2-7FE03D581250,cpe:2.3:o:microsoft:windows_nt:4.0:sp6:terminal_server:*:*:*:*:*,1,,,,
CVE-2003-0660,$.configurations[0].nodes[0].cpeMatch[36],BCDFDBBA-6C4F-472A-9F4F-461C424794E7,cpe:2.3:o:microsoft:windows_nt:4.0:sp6:server:*:*:*:*:*,1,,,,
CVE-2003-0660,$.configurations[0].nodes[0].cpeMatch[3],BE1A6107-DE00-4A1C-87FC-9E4015165B5B,cpe:2.3:o:microsoft:windows_2000:*:sp3:*:*:*:*:*:*,1,,,,
CVE-2003-0660,$.configurations[0].nodes[0].cpeMatch[39],CA7BA525-6DB8-4444-934A-932AFED69816,cpe:2.3:o:microsoft:windows_nt:4.0:sp6a:enterprise_server:*:*:*:*:*,1,,,,
CVE-2003-0660,$.configurations[0].nodes[0].cpeMatch[23],DA267420-56C5-4697-B0AA-52932F78B24B,cpe:2.3:o:microsoft:windows_nt:4.0:sp3:enterprise_server:*:*:*:*:*,1,,,,
CVE-2003-0660,$.configurations[0].nodes[0].cpeMatch[5],E69D0E21-8C62-403E-8097-2CA403CBBB1B,cpe:2.3:o:microsoft:windows_2003_server:enterprise:*:64-bit:*:*:*:*:*,1,,,,
CVE-2003-0660,$.configurations[0].nodes[0].cpeMatch[17],EA262C44-C0E6-493A-B8E5-4D26E4013226,cpe:2.3:o:microsoft:windows_nt:4.0:sp1:terminal_server:*:*:*:*:*,1,,,,
CVE-2003-0660,$.configurations[0].nodes[0].cpeMatch[21],EB519FE0-9E7D-4E71-8873-356C9D7CEAB5,cpe:2.3:o:microsoft:windows_nt:4.0:sp2:terminal_server:*:*:*:*:*,1,,,,
CVE-2003-0660,$.configurations[0].nodes[0].cpeMatch[38],EDDD8DA8-D074-4543-AEDF-F856B5567F21,cpe:2.3:o:microsoft:windows_nt:4.0:sp6:workstation:*:*:*:*:*,1,,,,
CVE-2003-0660,$.configurations[0].nodes[0].cpeMatch[19],F66DC6FF-2B3D-4718-838F-9E055E89961F,cpe:2.3:o:microsoft:windows_nt:4.0:sp2:enterprise_server:*:*:*:*:*,1,,,,
CVE-2003-0660,$.configurations[0].nodes[0].cpeMatch[28],FBBBF25A-709B-4716-9894-AD82180091AD,cpe:2.3:o:microsoft:windows_nt:4.0:sp4:server:*:*:*:*:*,1,,,,
CVE-2003-0662,$.configurations[0].nodes[0].cpeMatch[1],294EBA01-147B-4DA0-937E-ACBB655EDE53,cpe:2.3:o:microsoft:windows_2000:*:sp1:*:*:*:*:*:*,1,,,,
CVE-2003-0662,$.configurations[0].nodes[0].cpeMatch[0],4E545C63-FE9C-4CA1-AF0F-D999D84D2AFD,cpe:2.3:o:microsoft:windows_2000:*:*:*:*:*:*:*:*,1,,,,
CVE-2003-0662,$.configurations[0].nodes[0].cpeMatch[2],4E8B7346-F2AA-434C-A048-7463EC1BB117,cpe:2.3:o:microsoft:windows_2000:*:sp2:*:*:*:*:*:*,1,,,,
CVE-2003-0662,$.configurations[0].nodes[0].cpeMatch[4],83E7C4A0-78CF-4B56-82BF-EC932BDD8ADF,cpe:2.3:o:microsoft:windows_2000:*:sp4:*:*:*:*:*:*,1,,,,
CVE-2003-0662,$.configurations[0].nodes[0].cpeMatch[3],BE1A6107-DE00-4A1C-87FC-9E4015165B5B,cpe:2.3:o:microsoft:windows_2000:*:sp3:*:*:*:*:*:*,1,,,,
CVE-2003-0711,$.configurations[0].nodes[0].cpeMatch[27],02BE9817-E1AE-4619-8302-CA7AA4167F48,cpe:2.3:o:microsoft:windows_nt:4.0:sp3:workstation:*:*:*:*:*,1,,,,
CVE-2003-0711,$.configurations[0].nodes[0].cpeMatch[16],064F4E76-1B89-4FA5-97ED-64624285C014,cpe:2.3:o:microsoft:windows_nt:4.0:sp1:enterprise_server:*:*:*:*:*,1,,,,
CVE-2003-0711,$.configurations[0].nodes[0].cpeMatch[17],089A953C-8446-4E6F-B506-430C38DF37B1,cpe:2.3:o:microsoft:windows_nt:4.0:sp1:server:*:*:*:*:*,1,,,,
CVE-2003-0711,$.configurations[0].nodes[0].cpeMatch[35],12ED7363-6EEE-4688-A9B7-C5EB1107A7B4,cpe:2.3:o:microsoft:windows_nt:4.0:sp5:workstation:*:*:*:*:*,1,,,,
CVE-2003-0711,$.configurations[0].nodes[0].cpeMatch[26],224F8968-9F4C-4727-AAA3-61F5578EF54C,cpe:2.3:o:microsoft:windows_nt:4.0:sp3:terminal_server:*:*:*:*:*,1,,,,
CVE-2003-0711,$.configurations[0].nodes[0].cpeMatch[12],237D7C18-C8D6-4FDB-A160-FA17DD46A55A,cpe:2.3:o:microsoft:windows_nt:4.0:*:enterprise_server:*:*:*:*:*,1,,,,
CVE-2003-0711,$.configurations[0].nodes[0].cpeMatch[1],294EBA01-147B-4DA0-937E-ACBB655EDE53,cpe:2.3:o:microsoft:windows_2000:*:sp1:*:*:*:*:*:*,1,,,,
CVE-2003-0711,$.configurations[0].nodes[0].cpeMatch[8],34ACB544-87DD-4D9A-99F0-A10F48C1EE05,cpe:2.3:o:microsoft:windows_2003_server:r2:*:datacenter_64-bit:*:*:*:*:*,1,,,,
CVE-2003-0711,$.configurations[0].nodes[0].cpeMatch[15],35346A7B-2CB5-446D-B0C3-1F21D71A746D,cpe:2.3:o:microsoft:windows_nt:4.0:*:workstation:*:*:*:*:*,1,,,,
CVE-2003-0711,$.configurations[0].nodes[0].cpeMatch[28],363E3895-A19B-42EC-B479-765168DC0B17,cpe:2.3:o:microsoft:windows_nt:4.0:sp4:enterprise_server:*:*:*:*:*,1,,,,
CVE-2003-0711,$.configurations[0].nodes[0].cpeMatch[30],407DA6E8-0832-49FE-AE14-35C104C237EC,cpe:2.3:o:microsoft:windows_nt:4.0:sp4:terminal_server:*:*:*:*:*,1,,,,
CVE-2003-0711,$.configurations[0].nodes[0].cpeMatch[19],416F06DD-980E-4A54-822D-CBA499FD1F86,cpe:2.3:o:microsoft:windows_nt:4.0:sp1:workstation:*:*:*:*:*,1,,,,
CVE-2003-0711,$.configurations[0].nodes[0].cpeMatch[47],49693FA0-BF34-438B-AFF2-75ACC8A6D2E6,cpe:2.3:o:microsoft:windows_xp:*:sp1:home:*:*:*:*:*,1,,,,
CVE-2003-0711,$.configurations[0].nodes[0].cpeMatch[45],4BF263CB-4239-4DB0-867C-9069ED02CAD7,cpe:2.3:o:microsoft:windows_xp:*:gold:professional:*:*:*:*:*,1,,,,
CVE-2003-0711,$.configurations[0].nodes[0].cpeMatch[0],4E545C63-FE9C-4CA1-AF0F-D999D84D2AFD,cpe:2.3:o:microsoft:windows_2000:*:*:*:*:*:*:*:*,1,,,,
CVE-2003-0711,$.configurations[0].nodes[0].cpeMatch[2],4E8B7346-F2AA-434C-A048-7463EC1BB117,cpe:2.3:o:microsoft:windows_2000:*:sp2:*:*:*:*:*:*,1,,,,
CVE-2003-0711,$.configurations[0].nodes[0].cpeMatch[7],5D42E51C-740A-4441-8BAF-D073111B984C,cpe:2.3:o:microsoft:windows_2003_server:r2:*:64-bit:*:*:*:*:*,1,,,,
CVE-2003-0711,$.configurations[0].nodes[0].cpeMatch[21],656AE014-AEEC-46E8-A696-61FEA7932F21,cpe:2.3:o:microsoft:windows_nt:4.0:sp2:server:*:*:*:*:*,1,,,,
CVE-2003-0711,$.configurations[0].nodes[0].cpeMatch[14],6E7E6AD3-5418-4FEA-84B5-833059CA880D,cpe:2.3:o:microsoft:windows_nt:4.0:*:terminal_server:*:*:*:*:*,1,,,,
CVE-2003-0711,$.configurations[0].nodes[0].cpeMatch[9],74AD256D-4BCE-41FB-AD73-C5C63A59A06D,cpe:2.3:o:microsoft:windows_2003_server:standard:*:64-bit:*:*:*:*:*,1,,,,
CVE-2003-0711,$.configurations[0].nodes[0].cpeMatch[11],799DA395-C7F8-477C-8BC7-5B4B88FB7503,cpe:2.3:o:microsoft:windows_me:*:*:*:*:*:*:*:*,1,,,,
CVE-2003-0711,$.configurations[0].nodes[0].cpeMatch[13],7C5FCE82-1E2F-49B9-B504-8C03F2BCF296,cpe:2.3:o:microsoft:windows_nt:4.0:*:server:*:*:*:*:*,1,,,,
CVE-2003-0711,$.configurations[0].nodes[0].cpeMatch[32],81B7961D-151D-4773-80CB-CCD0456BFEAA,cpe:2.3:o:microsoft:windows_nt:4.0:sp5:enterprise_server:*:*:*:*:*,1,,,,
CVE-2003-0711,$.configurations[0].nodes[0].cpeMatch[33],82781A72-A34F-4668-9EE8-C203B04E3367,cpe:2.3:o:microsoft:windows_nt:4.0:sp5:server:*:*:*:*:*,1,,,,
CVE-2003-0711,$.configurations[0].nodes[0].cpeMatch[4],83E7C4A0-78CF-4B56-82BF-EC932BDD8ADF,cpe:2.3:o:microsoft:windows_2000:*:sp4:*:*:*:*:*:*,1,,,,
CVE-2003-0711,$.configurations[0].nodes[0].cpeMatch[31],88B70B7A-5BCC-4626-AAC7-D1ACFF25D66E,cpe:2.3:o:microsoft:windows_nt:4.0:sp4:workstation:*:*:*:*:*,1,,,,
CVE-2003-0711,$.configurations[0].nodes[0].cpeMatch[41],90CFA69B-7814-4F97-A14D-D76310065CF3,cpe:2.3:o:microsoft:windows_nt:4.0:sp6a:server:*:*:*:*:*,1,,,,
CVE-2003-0711,$.configurations[0].nodes[0].cpeMatch[43],91D6D065-A28D-49DA-B7F4-38421FF86498,cpe:2.3:o:microsoft:windows_xp:*:*:64-bit:*:*:*:*:*,1,,,,
CVE-2003-0711,$.configurations[0].nodes[0].cpeMatch[25],93BA426E-DD51-44AC-BE78-3164670FF9E1,cpe:2.3:o:microsoft:windows_nt:4.0:sp3:server:*:*:*:*:*,1,,,,
CVE-2003-0711,$.configurations[0].nodes[0].cpeMatch[23],A08D0EA1-DA1B-4C52-883A-3F156F032517,cpe:2.3:o:microsoft:windows_nt:4.0:sp2:workstation:*:*:*:*:*,1,,,,
CVE-2003-0711,$.configurations[0].nodes[0].cpeMatch[42],AB6ADBAF-6EB0-4CFA-9D33-A814AC20484E,cpe:2.3:o:microsoft:windows_nt:4.0:sp6a:workstation:*:*:*:*:*,1,,,,
CVE-2003-0711,$.configurations[0].nodes[0].cpeMatch[34],AFE612D2-DF38-404F-AED1-B8C9C24012DE,cpe:2.3:o:microsoft:windows_nt:4.0:sp5:terminal_server:*:*:*:*:*,1,,,,
CVE-2003-0711,$.configurations[0].nodes[0].cpeMatch[6],B127407D-AE50-4AFE-A780-D85B5AF44A2D,cpe:2.3:o:microsoft:windows_2003_server:enterprise_64-bit:*:*:*:*:*:*:*,1,,,,
CVE-2003-0711,$.configurations[0].nodes[0].cpeMatch[46],B3BBBB2E-1699-4E1E-81BB-7A394DD6B31D,cpe:2.3:o:microsoft:windows_xp:*:sp1:64-bit:*:*:*:*:*,1,,,,
CVE-2003-0711,$.configurations[0].nodes[0].cpeMatch[10],B518E945-5FDE-4A37-878D-6946653C91F7,cpe:2.3:o:microsoft:windows_2003_server:web:*:*:*:*:*:*:*,1,,,,
CVE-2003-0711,$.configurations[0].nodes[0].cpeMatch[36],B5CAF64E-98AA-4813-A2A2-5AC3387CF230,cpe:2.3:o:microsoft:windows_nt:4.0:sp6:enterprise_server:*:*:*:*:*,1,,,,
CVE-2003-0711,$.configurations[0].nodes[0].cpeMatch[44],BC176BB0-1655-4BEA-A841-C4158167CC9B,cpe:2.3:o:microsoft:windows_xp:*:*:home:*:*:*:*:*,1,,,,
CVE-2003-0711,$.configurations[0].nodes[0].cpeMatch[38],BCC5E316-FB61-408B-BAA2-7FE03D581250,cpe:2.3:o:microsoft:windows_nt:4.0:sp6:terminal_server:*:*:*:*:*,1,,,,
CVE-2003-0711,$.configurations[0].nodes[0].cpeMatch[37],BCDFDBBA-6C4F-472A-9F4F-461C424794E7,cpe:2.3:o:microsoft:windows_nt:4.0:sp6:server:*:*:*:*:*,1,,,,
CVE-2003-0711,$.configurations[0].nodes[0].cpeMatch[3],BE1A6107-DE00-4A1C-87FC-9E4015165B5B,cpe:2.3:o:microsoft:windows_2000:*:sp3:*:*:*:*:*:*,1,,,,
CVE-2003-0711,$.configurations[0].nodes[0].cpeMatch[40],CA7BA525-6DB8-4444-934A-932AFED69816,cpe:2.3:o:microsoft:windows_nt:4.0:sp6a:enterprise_server:*:*:*:*:*,1,,,,
CVE-2003-0711,$.configurations[0].nodes[0].cpeMatch[24],DA267420-56C5-4697-B0AA-52932F78B24B,cpe:2.3:o:microsoft:windows_nt:4.0:sp3:enterprise_server:*:*:*:*:*,1,,,,
CVE-2003-0711,$.configurations[0].nodes[0].cpeMatch[5],E69D0E21-8C62-403E-8097-2CA403CBBB1B,cpe:2.3:o:microsoft:windows_2003_server:enterprise:*:64-bit:*:*:*:*:*,1,,,,
CVE-2003-0711,$.configurations[0].nodes[0].cpeMatch[18],EA262C44-C0E6-493A-B8E5-4D26E4013226,cpe:2.3:o:microsoft:windows_nt:4.0:sp1:terminal_server:*:*:*:*:*,1,,,,
CVE-2003-0711,$.configurations[0].nodes[0].cpeMatch[22],EB519FE0-9E7D-4E71-8873-356C9D7CEAB5,cpe:2.3:o:microsoft:windows_nt:4.0:sp2:terminal_server:*:*:*:*:*,1,,,,
CVE-2003-0711,$.configurations[0].nodes[0].cpeMatch[39],EDDD8DA8-D074-4543-AEDF-F856B5567F21,cpe:2.3:o:microsoft:windows_nt:4.0:sp6:workstation:*:*:*:*:*,1,,,,
CVE-2003-0711,$.configurations[0].nodes[0].cpeMatch[20],F66DC6FF-2B3D-4718-838F-9E055E89961F,cpe:2.3:o:microsoft:windows_nt:4.0:sp2:enterprise_server:*:*:*:*:*,1,,,,
CVE-2003-0711,$.configurations[0].nodes[0].cpeMatch[29],FBBBF25A-709B-4716-9894-AD82180091AD,cpe:2.3:o:microsoft:windows_nt:4.0:sp4:server:*:*:*:*:*,1,,,,
CVE-2003-0712,$.configurations[0].nodes[0].cpeMatch[1],AD3E2F18-A369-4767-ACEF-38DB40EEC6D4,cpe:2.3:a:microsoft:exchange_server:5.5:sp1:*:*:*:*:*:*,1,,,,
CVE-2003-0712,$.configurations[0].nodes[0].cpeMatch[0],B4F9C143-4734-4E5D-9281-F51513C5CAAF,cpe:2.3:a:microsoft:exchange_server:5.5:-:*:*:*:*:*:*,1,,,,
CVE-2003-0712,$.configurations[0].nodes[0].cpeMatch[3],B80A57A1-7B9F-4C07-ADAA-DBC4687F1EFC,cpe:2.3:a:microsoft:exchange_server:5.5:sp3:*:*:*:*:*:*,1,,,,
CVE-2003-0712,$.configurations[0].nodes[0].cpeMatch[4],E3983529-F4E3-4883-97AF-5BFC87AC3E86,cpe:2.3:a:microsoft:exchange_server:5.5:sp4:*:*:*:*:*:*,1,,,,
CVE-2003-0712,$.configurations[0].nodes[0].cpeMatch[2],EC01670D-4550-4034-86A5-7879B6334241,cpe:2.3:a:microsoft:exchange_server:5.5:sp2:*:*:*:*:*:*,1,,,,
CVE-2003-0714,$.configurations[0].nodes[0].cpeMatch[6],34300FD4-EC3B-4206-B6C0-1345F17EC5EA,cpe:2.3:a:microsoft:exchange_server:2000:sp1:*:*:*:*:*:*,1,,,,
CVE-2003-0714,$.configurations[0].nodes[0].cpeMatch[7],47132D0D-7691-40A3-A4BF-37D2ACE580C3,cpe:2.3:a:microsoft:exchange_server:2000:sp2:*:*:*:*:*:*,1,,,,
CVE-2003-0714,$.configurations[0].nodes[0].cpeMatch[1],AD3E2F18-A369-4767-ACEF-38DB40EEC6D4,cpe:2.3:a:microsoft:exchange_server:5.5:sp1:*:*:*:*:*:*,1,,,,
CVE-2003-0714,$.configurations[0].nodes[0].cpeMatch[0],B4F9C143-4734-4E5D-9281-F51513C5CAAF,cpe:2.3:a:microsoft:exchange_server:5.5:-:*:*:*:*:*:*,1,,,,
CVE-2003-0714,$.configurations[0].nodes[0].cpeMatch[3],B80A57A1-7B9F-4C07-ADAA-DBC4687F1EFC,cpe:2.3:a:microsoft:exchange_server:5.5:sp3:*:*:*:*:*:*,1,,,,
CVE-2003-0714,$.configurations[0].nodes[0].cpeMatch[4],E3983529-F4E3-4883-97AF-5BFC87AC3E86,cpe:2.3:a:microsoft:exchange_server:5.5:sp4:*:*:*:*:*:*,1,,,,
CVE-2003-0714,$.configurations[0].nodes[0].cpeMatch[8],E88E31D4-1120-4A18-BA65-E2C96B35E599,cpe:2.3:a:microsoft:exchange_server:2000:sp3:*:*:*:*:*:*,1,,,,
CVE-2003-0714,$.configurations[0].nodes[0].cpeMatch[2],EC01670D-4550-4034-86A5-7879B6334241,cpe:2.3:a:microsoft:exchange_server:5.5:sp2:*:*:*:*:*:*,1,,,,
CVE-2003-0714,$.configurations[0].nodes[0].cpeMatch[5],FF429469-1B63-4BF3-A59F-F8180226BB6D,cpe:2.3:a:microsoft:exchange_server:2000:-:*:*:*:*:*:*,1,,,,
CVE-2003-0717,$.configurations[0].nodes[0].cpeMatch[27],02BE9817-E1AE-4619-8302-CA7AA4167F48,cpe:2.3:o:microsoft:windows_nt:4.0:sp3:workstation:*:*:*:*:*,1,,,,
CVE-2003-0717,$.configurations[0].nodes[0].cpeMatch[16],064F4E76-1B89-4FA5-97ED-64624285C014,cpe:2.3:o:microsoft:windows_nt:4.0:sp1:enterprise_server:*:*:*:*:*,1,,,,
CVE-2003-0717,$.configurations[0].nodes[0].cpeMatch[17],089A953C-8446-4E6F-B506-430C38DF37B1,cpe:2.3:o:microsoft:windows_nt:4.0:sp1:server:*:*:*:*:*,1,,,,
CVE-2003-0717,$.configurations[0].nodes[0].cpeMatch[35],12ED7363-6EEE-4688-A9B7-C5EB1107A7B4,cpe:2.3:o:microsoft:windows_nt:4.0:sp5:workstation:*:*:*:*:*,1,,,,
CVE-2003-0717,$.configurations[0].nodes[0].cpeMatch[26],224F8968-9F4C-4727-AAA3-61F5578EF54C,cpe:2.3:o:microsoft:windows_nt:4.0:sp3:terminal_server:*:*:*:*:*,1,,,,
CVE-2003-0717,$.configurations[0].nodes[0].cpeMatch[12],237D7C18-C8D6-4FDB-A160-FA17DD46A55A,cpe:2.3:o:microsoft:windows_nt:4.0:*:enterprise_server:*:*:*:*:*,1,,,,
CVE-2003-0717,$.configurations[0].nodes[0].cpeMatch[1],294EBA01-147B-4DA0-937E-ACBB655EDE53,cpe:2.3:o:microsoft:windows_2000:*:sp1:*:*:*:*:*:*,1,,,,
CVE-2003-0717,$.configurations[0].nodes[0].cpeMatch[8],34ACB544-87DD-4D9A-99F0-A10F48C1EE05,cpe:2.3:o:microsoft:windows_2003_server:r2:*:datacenter_64-bit:*:*:*:*:*,1,,,,
CVE-2003-0717,$.configurations[0].nodes[0].cpeMatch[15],35346A7B-2CB5-446D-B0C3-1F21D71A746D,cpe:2.3:o:microsoft:windows_nt:4.0:*:workstation:*:*:*:*:*,1,,,,
CVE-2003-0717,$.configurations[0].nodes[0].cpeMatch[28],363E3895-A19B-42EC-B479-765168DC0B17,cpe:2.3:o:microsoft:windows_nt:4.0:sp4:enterprise_server:*:*:*:*:*,1,,,,
CVE-2003-0717,$.configurations[0].nodes[0].cpeMatch[30],407DA6E8-0832-49FE-AE14-35C104C237EC,cpe:2.3:o:microsoft:windows_nt:4.0:sp4:terminal_server:*:*:*:*:*,1,,,,
CVE-2003-0717,$.configurations[0].nodes[0].cpeMatch[19],416F06DD-980E-4A54-822D-CBA499FD1F86,cpe:2.3:o:microsoft:windows_nt:4.0:sp1:workstation:*:*:*:*:*,1,,,,
CVE-2003-0717,$.configurations[0].nodes[0].cpeMatch[47],49693FA0-BF34-438B-AFF2-75ACC8A6D2E6,cpe:2.3:o:microsoft:windows_xp:*:sp1:home:*:*:*:*:*,1,,,,
CVE-2003-0717,$.configurations[0].nodes[0].cpeMatch[45],4BF263CB-4239-4DB0-867C-9069ED02CAD7,cpe:2.3:o:microsoft:windows_xp:*:gold:professional:*:*:*:*:*,1,,,,
CVE-2003-0717,$.configurations[0].nodes[0].cpeMatch[0],4E545C63-FE9C-4CA1-AF0F-D999D84D2AFD,cpe:2.3:o:microsoft:windows_2000:*:*:*:*:*:*:*:*,1,,,,
CVE-2003-0717,$.configurations[0].nodes[0].cpeMatch[2],4E8B7346-F2AA-434C-A048-7463EC1BB117,cpe:2.3:o:microsoft:windows_2000:*:sp2:*:*:*:*:*:*,1,,,,
CVE-2003-0717,$.configurations[0].nodes[0].cpeMatch[7],5D42E51C-740A-4441-8BAF-D073111B984C,cpe:2.3:o:microsoft:windows_2003_server:r2:*:64-bit:*:*:*:*:*,1,,,,
CVE-2003-0717,$.configurations[0].nodes[0].cpeMatch[21],656AE014-AEEC-46E8-A696-61FEA7932F21,cpe:2.3:o:microsoft:windows_nt:4.0:sp2:server:*:*:*:*:*,1,,,,
CVE-2003-0717,$.configurations[0].nodes[0].cpeMatch[14],6E7E6AD3-5418-4FEA-84B5-833059CA880D,cpe:2.3:o:microsoft:windows_nt:4.0:*:terminal_server:*:*:*:*:*,1,,,,
CVE-2003-0717,$.configurations[0].nodes[0].cpeMatch[9],74AD256D-4BCE-41FB-AD73-C5C63A59A06D,cpe:2.3:o:microsoft:windows_2003_server:standard:*:64-bit:*:*:*:*:*,1,,,,
CVE-2003-0717,$.configurations[0].nodes[0].cpeMatch[11],799DA395-C7F8-477C-8BC7-5B4B88FB7503,cpe:2.3:o:microsoft:windows_me:*:*:*:*:*:*:*:*,1,,,,
CVE-2003-0717,$.configurations[0].nodes[0].cpeMatch[13],7C5FCE82-1E2F-49B9-B504-8C03F2BCF296,cpe:2.3:o:microsoft:windows_nt:4.0:*:server:*:*:*:*:*,1,,,,
CVE-2003-0717,$.configurations[0].nodes[0].cpeMatch[32],81B7961D-151D-4773-80CB-CCD0456BFEAA,cpe:2.3:o:microsoft:windows_nt:4.0:sp5:enterprise_server:*:*:*:*:*,1,,,,
CVE-2003-0717,$.configurations[0].nodes[0].cpeMatch[33],82781A72-A34F-4668-9EE8-C203B04E3367,cpe:2.3:o:microsoft:windows_nt:4.0:sp5:server:*:*:*:*:*,1,,,,
CVE-2003-0717,$.configurations[0].nodes[0].cpeMatch[4],83E7C4A0-78CF-4B56-82BF-EC932BDD8ADF,cpe:2.3:o:microsoft:windows_2000:*:sp4:*:*:*:*:*:*,1,,,,
CVE-2003-0717,$.configurations[0].nodes[0].cpeMatch[31],88B70B7A-5BCC-4626-AAC7-D1ACFF25D66E,cpe:2.3:o:microsoft:windows_nt:4.0:sp4:workstation:*:*:*:*:*,1,,,,
CVE-2003-0717,$.configurations[0].nodes[0].cpeMatch[41],90CFA69B-7814-4F97-A14D-D76310065CF3,cpe:2.3:o:microsoft:windows_nt:4.0:sp6a:server:*:*:*:*:*,1,,,,
CVE-2003-0717,$.configurations[0].nodes[0].cpeMatch[43],91D6D065-A28D-49DA-B7F4-38421FF86498,cpe:2.3:o:microsoft:windows_xp:*:*:64-bit:*:*:*:*:*,1,,,,
CVE-2003-0717,$.configurations[0].nodes[0].cpeMatch[25],93BA426E-DD51-44AC-BE78-3164670FF9E1,cpe:2.3:o:microsoft:windows_nt:4.0:sp3:server:*:*:*:*:*,1,,,,
CVE-2003-0717,$.configurations[0].nodes[0].cpeMatch[23],A08D0EA1-DA1B-4C52-883A-3F156F032517,cpe:2.3:o:microsoft:windows_nt:4.0:sp2:workstation:*:*:*:*:*,1,,,,
CVE-2003-0717,$.configurations[0].nodes[0].cpeMatch[42],AB6ADBAF-6EB0-4CFA-9D33-A814AC20484E,cpe:2.3:o:microsoft:windows_nt:4.0:sp6a:workstation:*:*:*:*:*,1,,,,
CVE-2003-0717,$.configurations[0].nodes[0].cpeMatch[34],AFE612D2-DF38-404F-AED1-B8C9C24012DE,cpe:2.3:o:microsoft:windows_nt:4.0:sp5:terminal_server:*:*:*:*:*,1,,,,
CVE-2003-0717,$.configurations[0].nodes[0].cpeMatch[6],B127407D-AE50-4AFE-A780-D85B5AF44A2D,cpe:2.3:o:microsoft:windows_2003_server:enterprise_64-bit:*:*:*:*:*:*:*,1,,,,
CVE-2003-0717,$.configurations[0].nodes[0].cpeMatch[46],B3BBBB2E-1699-4E1E-81BB-7A394DD6B31D,cpe:2.3:o:microsoft:windows_xp:*:sp1:64-bit:*:*:*:*:*,1,,,,
CVE-2003-0717,$.configurations[0].nodes[0].cpeMatch[10],B518E945-5FDE-4A37-878D-6946653C91F7,cpe:2.3:o:microsoft:windows_2003_server:web:*:*:*:*:*:*:*,1,,,,
CVE-2003-0717,$.configurations[0].nodes[0].cpeMatch[36],B5CAF64E-98AA-4813-A2A2-5AC3387CF230,cpe:2.3:o:microsoft:windows_nt:4.0:sp6:enterprise_server:*:*:*:*:*,1,,,,
CVE-2003-0717,$.configurations[0].nodes[0].cpeMatch[44],BC176BB0-1655-4BEA-A841-C4158167CC9B,cpe:2.3:o:microsoft:windows_xp:*:*:home:*:*:*:*:*,1,,,,
CVE-2003-0717,$.configurations[0].nodes[0].cpeMatch[38],BCC5E316-FB61-408B-BAA2-7FE03D581250,cpe:2.3:o:microsoft:windows_nt:4.0:sp6:terminal_server:*:*:*:*:*,1,,,,
CVE-2003-0717,$.configurations[0].nodes[0].cpeMatch[37],BCDFDBBA-6C4F-472A-9F4F-461C424794E7,cpe:2.3:o:microsoft:windows_nt:4.0:sp6:server:*:*:*:*:*,1,,,,
CVE-2003-0717,$.configurations[0].nodes[0].cpeMatch[3],BE1A6107-DE00-4A1C-87FC-9E4015165B5B,cpe:2.3:o:microsoft:windows_2000:*:sp3:*:*:*:*:*:*,1,,,,
CVE-2003-0717,$.configurations[0].nodes[0].cpeMatch[40],CA7BA525-6DB8-4444-934A-932AFED69816,cpe:2.3:o:microsoft:windows_nt:4.0:sp6a:enterprise_server:*:*:*:*:*,1,,,,
CVE-2003-0717,$.configurations[0].nodes[0].cpeMatch[24],DA267420-56C5-4697-B0AA-52932F78B24B,cpe:2.3:o:microsoft:windows_nt:4.0:sp3:enterprise_server:*:*:*:*:*,1,,,,
CVE-2003-0717,$.configurations[0].nodes[0].cpeMatch[5],E69D0E21-8C62-403E-8097-2CA403CBBB1B,cpe:2.3:o:microsoft:windows_2003_server:enterprise:*:64-bit:*:*:*:*:*,1,,,,
CVE-2003-0717,$.configurations[0].nodes[0].cpeMatch[18],EA262C44-C0E6-493A-B8E5-4D26E4013226,cpe:2.3:o:microsoft:windows_nt:4.0:sp1:terminal_server:*:*:*:*:*,1,,,,
CVE-2003-0717,$.configurations[0].nodes[0].cpeMatch[22],EB519FE0-9E7D-4E71-8873-356C9D7CEAB5,cpe:2.3:o:microsoft:windows_nt:4.0:sp2:terminal_server:*:*:*:*:*,1,,,,
CVE-2003-0717,$.configurations[0].nodes[0].cpeMatch[39],EDDD8DA8-D074-4543-AEDF-F856B5567F21,cpe:2.3:o:microsoft:windows_nt:4.0:sp6:workstation:*:*:*:*:*,1,,,,
CVE-2003-0717,$.configurations[0].nodes[0].cpeMatch[20],F66DC6FF-2B3D-4718-838F-9E055E89961F,cpe:2.3:o:microsoft:windows_nt:4.0:sp2:enterprise_server:*:*:*:*:*,1,,,,
CVE-2003-0717,$.configurations[0].nodes[0].cpeMatch[29],FBBBF25A-709B-4716-9894-AD82180091AD,cpe:2.3:o:microsoft:windows_nt:4.0:sp4:server:*:*:*:*:*,1,,,,
CVE-2003-0786,$.configurations[0].nodes[0].cpeMatch[0],80DC64F6-FE28-44BA-91D1-EC2DB11B2CFC,cpe:2.3:a:openbsd:openssh:3.7.1:*:*:*:*:*:*:*,1,,,,
CVE-2003-0786,$.configurations[0].nodes[0].cpeMatch[1],DF23EBA1-D3A9-413F-9E83-43A91492C031,cpe:2.3:a:openbsd:openssh:3.7.1p1:*:*:*:*:*:*:*,1,,,,
CVE-2003-0787,$.configurations[0].nodes[0].cpeMatch[0],80DC64F6-FE28-44BA-91D1-EC2DB11B2CFC,cpe:2.3:a:openbsd:openssh:3.7.1:*:*:*:*:*:*:*,1,,,,
CVE-2003-0787,$.configurations[0].nodes[0].cpeMatch[1],DF23EBA1-D3A9-413F-9E83-43A91492C031,cpe:2.3:a:openbsd:openssh:3.7.1p1:*:*:*:*:*:*:*,1,,,,
CVE-2003-0792,$.configurations[0].nodes[0].cpeMatch[42],0427B5C8-265C-47C3-9BAB-B2A0EAA1DEE5,cpe:2.3:a:fetchmail:fetchmail:5.2.7:*:*:*:*:*:*:*,1,,,,
CVE-2003-0792,$.configurations[0].nodes[0].cpeMatch[39],0450BD04-15D2-4122-A210-6225B89BDA7F,cpe:2.3:a:fetchmail:fetchmail:5.2.1:*:*:*:*:*:*:*,1,,,,
CVE-2003-0792,$.configurations[0].nodes[0].cpeMatch[24],07C61DC4-50D5-44B2-92F8-A59C65144108,cpe:2.3:a:fetchmail:fetchmail:4.7.5:*:*:*:*:*:*:*,1,,,,
CVE-2003-0792,$.configurations[0].nodes[0].cpeMatch[79],0A77D40C-6FF5-42BD-9EFB-B532824D7606,cpe:2.3:a:fetchmail:fetchmail:6.0.0:*:*:*:*:*:*:*,1,,,,
CVE-2003-0792,$.configurations[0].nodes[0].cpeMatch[78],0C020534-7596-496C-B9B0-739F58F6F4EF,cpe:2.3:a:fetchmail:fetchmail:5.9.13:*:*:*:*:*:*:*,1,,,,
CVE-2003-0792,$.configurations[0].nodes[0].cpeMatch[76],1258CA65-FBC1-4848-A9E5-A8F5E5D6FBD5,cpe:2.3:a:fetchmail:fetchmail:5.9.10:*:*:*:*:*:*:*,1,,,,
CVE-2003-0792,$.configurations[0].nodes[0].cpeMatch[22],14CBC8ED-CC10-40B6-8AA7-9F1342432ECB,cpe:2.3:a:fetchmail:fetchmail:4.7.3:*:*:*:*:*:*:*,1,,,,
CVE-2003-0792,$.configurations[0].nodes[0].cpeMatch[64],16366780-611E-4217-A614-EBA01421D148,cpe:2.3:a:fetchmail:fetchmail:5.8.3:*:*:*:*:*:*:*,1,,,,
CVE-2003-0792,$.configurations[0].nodes[0].cpeMatch[40],18428805-AEB2-4BA4-9762-906B59CE74D3,cpe:2.3:a:fetchmail:fetchmail:5.2.3:*:*:*:*:*:*:*,1,,,,
CVE-2003-0792,$.configurations[0].nodes[0].cpeMatch[74],19A66C77-041F-4A12-8A36-233A6B50641C,cpe:2.3:a:fetchmail:fetchmail:5.9.5:*:*:*:*:*:*:*,1,,,,
CVE-2003-0792,$.configurations[0].nodes[0].cpeMatch[31],19ECB844-F378-4A94-B9FC-A731B8186013,cpe:2.3:a:fetchmail:fetchmail:5.0.4:*:*:*:*:*:*:*,1,,,,
CVE-2003-0792,$.configurations[0].nodes[0].cpeMatch[72],1A17995E-DCAF-465A-8ABD-F1EA0D538784,cpe:2.3:a:fetchmail:fetchmail:5.9.0:*:*:*:*:*:*:*,1,,,,
CVE-2003-0792,$.configurations[0].nodes[0].cpeMatch[84],1C25A146-50D5-4BA2-ABA2-20BF8784D7DA,cpe:2.3:a:fetchmail:fetchmail:6.2.2:*:*:*:*:*:*:*,1,,,,
CVE-2003-0792,$.configurations[0].nodes[0].cpeMatch[50],1D365E6E-8777-4084-BEC8-7CBF4997D976,cpe:2.3:a:fetchmail:fetchmail:5.4.4:*:*:*:*:*:*:*,1,,,,
CVE-2003-0792,$.configurations[0].nodes[0].cpeMatch[51],20C4FF28-0DBA-4995-8252-2D62FF896BC4,cpe:2.3:a:fetchmail:fetchmail:5.4.5:*:*:*:*:*:*:*,1,,,,
CVE-2003-0792,$.configurations[0].nodes[0].cpeMatch[14],215ED879-1E26-4FF4-8857-18499C5DE3A8,cpe:2.3:a:fetchmail:fetchmail:4.6.5:*:*:*:*:*:*:*,1,,,,
CVE-2003-0792,$.configurations[0].nodes[0].cpeMatch[82],264386DA-747F-492C-B660-D49BE9DB7139,cpe:2.3:a:fetchmail:fetchmail:6.2.0:*:*:*:*:*:*:*,1,,,,
CVE-2003-0792,$.configurations[0].nodes[0].cpeMatch[66],2B9536BA-6334-4957-9632-6D64365B88AB,cpe:2.3:a:fetchmail:fetchmail:5.8.5:*:*:*:*:*:*:*,1,,,,
CVE-2003-0792,$.configurations[0].nodes[0].cpeMatch[32],3169AA63-79F6-4B89-9405-8F6A2FB6FD64,cpe:2.3:a:fetchmail:fetchmail:5.0.5:*:*:*:*:*:*:*,1,,,,
CVE-2003-0792,$.configurations[0].nodes[0].cpeMatch[62],319955A4-27A8-46FF-ACE7-97E6DF27B2DD,cpe:2.3:a:fetchmail:fetchmail:5.8.1:*:*:*:*:*:*:*,1,,,,
CVE-2003-0792,$.configurations[0].nodes[0].cpeMatch[25],31A37E19-1E07-4FD0-AC6D-6AC3ED954787,cpe:2.3:a:fetchmail:fetchmail:4.7.6:*:*:*:*:*:*:*,1,,,,
CVE-2003-0792,$.configurations[0].nodes[0].cpeMatch[37],33EA0CA8-468F-4A94-8DA3-5D820AB65973,cpe:2.3:a:fetchmail:fetchmail:5.1.4:*:*:*:*:*:*:*,1,,,,
CVE-2003-0792,$.configurations[0].nodes[0].cpeMatch[8],345D0848-958F-4B44-8F31-0793C36A5ADD,cpe:2.3:a:fetchmail:fetchmail:4.5.8:*:*:*:*:*:*:*,1,,,,
CVE-2003-0792,$.configurations[0].nodes[0].cpeMatch[81],38ACD96E-5582-4ED0-BBB1-C891094D8217,cpe:2.3:a:fetchmail:fetchmail:6.1.3:*:*:*:*:*:*:*,1,,,,
CVE-2003-0792,$.configurations[0].nodes[0].cpeMatch[7],3DC47DA9-D110-4E6B-9F5B-D17ECB942B40,cpe:2.3:a:fetchmail:fetchmail:4.5.7:*:*:*:*:*:*:*,1,,,,
CVE-2003-0792,$.configurations[0].nodes[0].cpeMatch[58],4267DCE8-985C-416D-A6B7-536585E5A573,cpe:2.3:a:fetchmail:fetchmail:5.7.0:*:*:*:*:*:*:*,1,,,,
CVE-2003-0792,$.configurations[0].nodes[0].cpeMatch[65],43AEA36F-E730-4305-9CB6-738A7152F02E,cpe:2.3:a:fetchmail:fetchmail:5.8.4:*:*:*:*:*:*:*,1,,,,
CVE-2003-0792,$.configurations[0].nodes[0].cpeMatch[20],4DCFB7BB-2879-4EB7-BE1D-163238E313C5,cpe:2.3:a:fetchmail:fetchmail:4.7.1:*:*:*:*:*:*:*,1,,,,
CVE-2003-0792,$.configurations[0].nodes[0].cpeMatch[18],4DEAA0E8-746D-446D-AAEA-0ED287766332,cpe:2.3:a:fetchmail:fetchmail:4.6.9:*:*:*:*:*:*:*,1,,,,
CVE-2003-0792,$.configurations[0].nodes[0].cpeMatch[59],50E63EDF-FF0A-447C-A3FC-7BA2414C15CA,cpe:2.3:a:fetchmail:fetchmail:5.7.2:*:*:*:*:*:*:*,1,,,,
CVE-2003-0792,$.configurations[0].nodes[0].cpeMatch[11],54FDB8B9-5537-4E08-8FA0-931D4BED43E3,cpe:2.3:a:fetchmail:fetchmail:4.6.2:*:*:*:*:*:*:*,1,,,,
CVE-2003-0792,$.configurations[0].nodes[0].cpeMatch[26],570C9443-81CE-42AC-B4A6-3B2ABAD97EC5,cpe:2.3:a:fetchmail:fetchmail:4.7.7:*:*:*:*:*:*:*,1,,,,
CVE-2003-0792,$.configurations[0].nodes[0].cpeMatch[48],57BFA165-6E2E-49AF-9E2D-3D8923CF36C7,cpe:2.3:a:fetchmail:fetchmail:5.4.0:*:*:*:*:*:*:*,1,,,,
CVE-2003-0792,$.configurations[0].nodes[0].cpeMatch[10],58A6B5F4-C799-45C4-9EAD-A55023767033,cpe:2.3:a:fetchmail:fetchmail:4.6.1:*:*:*:*:*:*:*,1,,,,
CVE-2003-0792,$.configurations[0].nodes[0].cpeMatch[60],61DDD4A1-6185-41B6-A715-4C70F0AA2631,cpe:2.3:a:fetchmail:fetchmail:5.7.4:*:*:*:*:*:*:*,1,,,,
CVE-2003-0792,$.configurations[0].nodes[0].cpeMatch[45],6B309C89-99E2-4F0B-976C-95E44A45ADC5,cpe:2.3:a:fetchmail:fetchmail:5.3.1:*:*:*:*:*:*:*,1,,,,
CVE-2003-0792,$.configurations[0].nodes[0].cpeMatch[21],6ED223B6-1864-415C-96D6-64E1EDE4C840,cpe:2.3:a:fetchmail:fetchmail:4.7.2:*:*:*:*:*:*:*,1,,,,
CVE-2003-0792,$.configurations[0].nodes[0].cpeMatch[44],7166ECCB-54FB-44EA-BA80-4D2AAF494AF2,cpe:2.3:a:fetchmail:fetchmail:5.3.0:*:*:*:*:*:*:*,1,,,,
CVE-2003-0792,$.configurations[0].nodes[0].cpeMatch[15],72604F3D-2DE8-4BFF-97D5-4AFA64399201,cpe:2.3:a:fetchmail:fetchmail:4.6.6:*:*:*:*:*:*:*,1,,,,
CVE-2003-0792,$.configurations[0].nodes[0].cpeMatch[85],72E76256-997F-4229-9B03-7BC3074F359D,cpe:2.3:a:fetchmail:fetchmail:6.2.3:*:*:*:*:*:*:*,1,,,,
CVE-2003-0792,$.configurations[0].nodes[0].cpeMatch[70],74D12B67-6E66-419A-A28F-6306402931EB,cpe:2.3:a:fetchmail:fetchmail:5.8.14:*:*:*:*:*:*:*,1,,,,
CVE-2003-0792,$.configurations[0].nodes[0].cpeMatch[30],78D12F53-07DE-447D-8403-40EB75B91955,cpe:2.3:a:fetchmail:fetchmail:5.0.3:*:*:*:*:*:*:*,1,,,,
CVE-2003-0792,$.configurations[0].nodes[0].cpeMatch[19],7D3E14C3-82AE-4D4A-8963-438BECBA5678,cpe:2.3:a:fetchmail:fetchmail:4.7.0:*:*:*:*:*:*:*,1,,,,
CVE-2003-0792,$.configurations[0].nodes[0].cpeMatch[9],7E179061-FB6A-44AA-8EAC-4916719D9A28,cpe:2.3:a:fetchmail:fetchmail:4.6.0:*:*:*:*:*:*:*,1,,,,
CVE-2003-0792,$.configurations[0].nodes[0].cpeMatch[69],837D66DB-F9CB-41F1-A091-BCFBAC2F45B6,cpe:2.3:a:fetchmail:fetchmail:5.8.13:*:*:*:*:*:*:*,1,,,,
CVE-2003-0792,$.configurations[0].nodes[0].cpeMatch[27],853DD3E0-668F-4FAC-BA0B-D4E9C416D646,cpe:2.3:a:fetchmail:fetchmail:5.0.0:*:*:*:*:*:*:*,1,,,,
CVE-2003-0792,$.configurations[0].nodes[0].cpeMatch[16],8792F7FF-9E56-4201-89FD-F0146D4F0DF9,cpe:2.3:a:fetchmail:fetchmail:4.6.7:*:*:*:*:*:*:*,1,,,,
CVE-2003-0792,$.configurations[0].nodes[0].cpeMatch[36],87B56DFD-BDA9-4D8B-BE54-BF59B762D574,cpe:2.3:a:fetchmail:fetchmail:5.1.0:*:*:*:*:*:*:*,1,,,,
CVE-2003-0792,$.configurations[0].nodes[0].cpeMatch[33],88D1D54C-81A4-44CE-BE12-798CF7DD2CC4,cpe:2.3:a:fetchmail:fetchmail:5.0.6:*:*:*:*:*:*:*,1,,,,
CVE-2003-0792,$.configurations[0].nodes[0].cpeMatch[43],89A4B962-BE5B-471C-83EF-674525C5AE83,cpe:2.3:a:fetchmail:fetchmail:5.2.8:*:*:*:*:*:*:*,1,,,,
CVE-2003-0792,$.configurations[0].nodes[0].cpeMatch[63],925CF3DD-682B-40E6-900C-23F784CD9239,cpe:2.3:a:fetchmail:fetchmail:5.8.2:*:*:*:*:*:*:*,1,,,,
CVE-2003-0792,$.configurations[0].nodes[0].cpeMatch[73],93D03D78-C56E-4189-97FC-916C918EDFEE,cpe:2.3:a:fetchmail:fetchmail:5.9.4:*:*:*:*:*:*:*,1,,,,
CVE-2003-0792,$.configurations[0].nodes[0].cpeMatch[55],96774635-9A12-4DAB-BCF6-2D678F244CE9,cpe:2.3:a:fetchmail:fetchmail:5.5.5:*:*:*:*:*:*:*,1,,,,
CVE-2003-0792,$.configurations[0].nodes[0].cpeMatch[2],9AFEC739-BDFA-4D14-9A04-96FFB71AE330,cpe:2.3:a:fetchmail:fetchmail:4.5.2:*:*:*:*:*:*:*,1,,,,
CVE-2003-0792,$.configurations[0].nodes[0].cpeMatch[68],9FA92DF1-3AAD-46AC-A9E4-E9386C977818,cpe:2.3:a:fetchmail:fetchmail:5.8.11:*:*:*:*:*:*:*,1,,,,
CVE-2003-0792,$.configurations[0].nodes[0].cpeMatch[46],A3DE7EE7-F627-4955-8D95-1F00F1F85C7D,cpe:2.3:a:fetchmail:fetchmail:5.3.3:*:*:*:*:*:*:*,1,,,,
CVE-2003-0792,$.configurations[0].nodes[0].cpeMatch[71],A71FCBED-B25D-48E3-916C-FBA9E0DE8D12,cpe:2.3:a:fetchmail:fetchmail:5.8.17:*:*:*:*:*:*:*,1,,,,
CVE-2003-0792,$.configurations[0].nodes[0].cpeMatch[77],A91C6418-41F0-46EB-ACFC-FCE907F5AA87,cpe:2.3:a:fetchmail:fetchmail:5.9.11:*:*:*:*:*:*:*,1,,,,
CVE-2003-0792,$.configurations[0].nodes[0].cpeMatch[41],AFCCBB15-DFFE-4A57-A029-E57707D15E04,cpe:2.3:a:fetchmail:fetchmail:5.2.4:*:*:*:*:*:*:*,1,,,,
CVE-2003-0792,$.configurations[0].nodes[0].cpeMatch[0],B0759E61-47F6-402E-A452-C017B947696A,cpe:2.3:a:fetchmail:fetchmail:*:*:*:*:*:*:*:*,1,,,6.2.4,
CVE-2003-0792,$.configurations[0].nodes[0].cpeMatch[61],B10A7E3C-07CD-48A6-9075-5314B4E1EEAB,cpe:2.3:a:fetchmail:fetchmail:5.8:*:*:*:*:*:*:*,1,,,,
CVE-2003-0792,$.configurations[0].nodes[0].cpeMatch[17],B12812E8-1C5B-46CF-A266-EE19C5CD3B12,cpe:2.3:a:fetchmail:fetchmail:4.6.8:*:*:*:*:*:*:*,1,,,,
CVE-2003-0792,$.configurations[0].nodes[0].cpeMatch[38],BA21C847-57ED-4E7D-9366-6038467D9080,cpe:2.3:a:fetchmail:fetchmail:5.2.0:*:*:*:*:*:*:*,1,,,,
CVE-2003-0792,$.configurations[0].nodes[0].cpeMatch[29],BF0C4F7C-0003-4C77-AE22-A9C2FCBFAF3B,cpe:2.3:a:fetchmail:fetchmail:5.0.2:*:*:*:*:*:*:*,1,,,,
CVE-2003-0792,$.configurations[0].nodes[0].cpeMatch[1],BF519D04-7596-42C6-A1D8-FC1018D1A414,cpe:2.3:a:fetchmail:fetchmail:4.5.1:*:*:*:*:*:*:*,1,,,,
CVE-2003-0792,$.configurations[0].nodes[0].cpeMatch[53],BF667DB5-F41E-4E73-A01F-4EC3F60BAD0C,cpe:2.3:a:fetchmail:fetchmail:5.5.2:*:*:*:*:*:*:*,1,,,,
CVE-2003-0792,$.configurations[0].nodes[0].cpeMatch[57],C3898EBC-75A9-4DDD-A0AF-2CDEC72DAE4F,cpe:2.3:a:fetchmail:fetchmail:5.6.0:*:*:*:*:*:*:*,1,,,,
CVE-2003-0792,$.configurations[0].nodes[0].cpeMatch[75],C945059C-EF39-486D-A804-FBB8704AB927,cpe:2.3:a:fetchmail:fetchmail:5.9.8:*:*:*:*:*:*:*,1,,,,
CVE-2003-0792,$.configurations[0].nodes[0].cpeMatch[4],C9608A96-D131-401B-B041-09ADEEB59354,cpe:2.3:a:fetchmail:fetchmail:4.5.4:*:*:*:*:*:*:*,1,,,,
CVE-2003-0792,$.configurations[0].nodes[0].cpeMatch[13],CC13DE1B-1428-4842-9567-BBE5EEF7042F,cpe:2.3:a:fetchmail:fetchmail:4.6.4:*:*:*:*:*:*:*,1,,,,
CVE-2003-0792,$.configurations[0].nodes[0].cpeMatch[28],CEF70FCA-5DA4-4C0B-B876-0345FA077D44,cpe:2.3:a:fetchmail:fetchmail:5.0.1:*:*:*:*:*:*:*,1,,,,
CVE-2003-0792,$.configurations[0].nodes[0].cpeMatch[54],D2B144FA-A901-4CDF-AC3D-7F5E820B7A4B,cpe:2.3:a:fetchmail:fetchmail:5.5.3:*:*:*:*:*:*:*,1,,,,
CVE-2003-0792,$.configurations[0].nodes[0].cpeMatch[23],D3417C2E-1117-4FE7-B2FA-74CAB57235B2,cpe:2.3:a:fetchmail:fetchmail:4.7.4:*:*:*:*:*:*:*,1,,,,
CVE-2003-0792,$.configurations[0].nodes[0].cpeMatch[47],D549098D-FE16-4BCB-91C4-D71A8C8D2E9F,cpe:2.3:a:fetchmail:fetchmail:5.3.8:*:*:*:*:*:*:*,1,,,,
CVE-2003-0792,$.configurations[0].nodes[0].cpeMatch[34],D6615C7D-09B5-4943-A124-2FF9A0F4B927,cpe:2.3:a:fetchmail:fetchmail:5.0.7:*:*:*:*:*:*:*,1,,,,
CVE-2003-0792,$.configurations[0].nodes[0].cpeMatch[6],D8AB8504-8CD1-4013-9413-1378F3BAE0AB,cpe:2.3:a:fetchmail:fetchmail:4.5.6:*:*:*:*:*:*:*,1,,,,
CVE-2003-0792,$.configurations[0].nodes[0].cpeMatch[83],DC4066AC-BE10-4189-86F6-BF94443738DF,cpe:2.3:a:fetchmail:fetchmail:6.2.1:*:*:*:*:*:*:*,1,,,,
CVE-2003-0792,$.configurations[0].nodes[0].cpeMatch[3],E1923712-7B88-483E-B38A-0EA6FB38EB38,cpe:2.3:a:fetchmail:fetchmail:4.5.3:*:*:*:*:*:*:*,1,,,,
CVE-2003-0792,$.configurations[0].nodes[0].cpeMatch[12],E7EB9B1D-C6B0-494B-8A8C-752E5659EA1D,cpe:2.3:a:fetchmail:fetchmail:4.6.3:*:*:*:*:*:*:*,1,,,,
CVE-2003-0792,$.configurations[0].nodes[0].cpeMatch[35],EF18219F-0406-4D46-90DE-EA2A17C8EFF7,cpe:2.3:a:fetchmail:fetchmail:5.0.8:*:*:*:*:*:*:*,1,,,,
CVE-2003-0792,$.configurations[0].nodes[0].cpeMatch[56],EFD2EE7A-36CB-4A26-8EEB-DACA2864D921,cpe:2.3:a:fetchmail:fetchmail:5.5.6:*:*:*:*:*:*:*,1,,,,
CVE-2003-0792,$.configurations[0].nodes[0].cpeMatch[80],F04C6A76-2718-4DBA-8972-A3EECDDB1A17,cpe:2.3:a:fetchmail:fetchmail:6.1.0:*:*:*:*:*:*:*,1,,,,
CVE-2003-0792,$.configurations[0].nodes[0].cpeMatch[5],F4555DBB-B63B-4637-86A9-399B34B27D14,cpe:2.3:a:fetchmail:fetchmail:4.5.5:*:*:*:*:*:*:*,1,,,,
CVE-2003-0792,$.configurations[0].nodes[0].cpeMatch[67],F52FA32B-8048-4FD7-9D20-20DC5E52098B,cpe:2.3:a:fetchmail:fetchmail:5.8.6:*:*:*:*:*:*:*,1,,,,
CVE-2003-0792,$.configurations[0].nodes[0].cpeMatch[49],F5C67DFF-A1BE-4486-A11F-CD3729927220,cpe:2.3:a:fetchmail:fetchmail:5.4.3:*:*:*:*:*:*:*,1,,,,
CVE-2003-0792,$.configurations[0].nodes[0].cpeMatch[52],F80C6B9B-AFCE-46A1-8DEF-51C1B526EB18,cpe:2.3:a:fetchmail:fetchmail:5.5.0:*:*:*:*:*:*:*,1,,,,
CVE-2003-0793,$.configurations[0].nodes[0].cpeMatch[2],44A4CEA3-1EFD-4926-8702-D9019449BF6D,cpe:2.3:a:gnome:gdm:2.4.1.1:*:*:*:*:*:*:*,1,,,,
CVE-2003-0793,$.configurations[0].nodes[0].cpeMatch[7],4B7DE2E4-5FCC-4F63-BB9F-F7EC77728F87,cpe:2.3:a:gnome:gdm:2.4.1.6:*:*:*:*:*:*:*,1,,,,
CVE-2003-0793,$.configurations[0].nodes[0].cpeMatch[5],8A905FFC-0DBA-4636-BDE7-77F21E0871AF,cpe:2.3:a:gnome:gdm:2.4.1.4:*:*:*:*:*:*:*,1,,,,
CVE-2003-0793,$.configurations[0].nodes[0].cpeMatch[3],9DF81497-99A3-49B9-9CEF-C94AA4FCC2A5,cpe:2.3:a:gnome:gdm:2.4.1.2:*:*:*:*:*:*:*,1,,,,
CVE-2003-0793,$.configurations[0].nodes[0].cpeMatch[4],B386DD54-80C4-44C1-9276-C875D0EEE8BE,cpe:2.3:a:gnome:gdm:2.4.1.3:*:*:*:*:*:*:*,1,,,,
CVE-2003-0793,$.configurations[0].nodes[0].cpeMatch[0],C35EE6D6-8058-4840-95E9-6540600F25C9,cpe:2.3:a:gnome:gdm:2.2.5.4:*:*:*:*:*:*:*,1,,,,
CVE-2003-0793,$.configurations[0].nodes[0].cpeMatch[1],C96A777E-0CA3-404C-9EF9-AF5D276FB9F4,cpe:2.3:a:gnome:gdm:2.4.1:*:*:*:*:*:*:*,1,,,,
CVE-2003-0793,$.configurations[0].nodes[0].cpeMatch[8],D0E054F0-C688-4CC6-A3DA-22884CA4C4C8,cpe:2.3:a:gnome:gdm:2.4.4:*:*:*:*:*:*:*,1,,,,
CVE-2003-0793,$.configurations[0].nodes[0].cpeMatch[6],DAA26805-862B-466F-AAE5-C8EF60312BFF,cpe:2.3:a:gnome:gdm:2.4.1.5:*:*:*:*:*:*:*,1,,,,
CVE-2003-0794,$.configurations[0].nodes[0].cpeMatch[2],44A4CEA3-1EFD-4926-8702-D9019449BF6D,cpe:2.3:a:gnome:gdm:2.4.1.1:*:*:*:*:*:*:*,1,,,,
CVE-2003-0794,$.configurations[0].nodes[0].cpeMatch[7],4B7DE2E4-5FCC-4F63-BB9F-F7EC77728F87,cpe:2.3:a:gnome:gdm:2.4.1.6:*:*:*:*:*:*:*,1,,,,
CVE-2003-0794,$.configurations[0].nodes[0].cpeMatch[5],8A905FFC-0DBA-4636-BDE7-77F21E0871AF,cpe:2.3:a:gnome:gdm:2.4.1.4:*:*:*:*:*:*:*,1,,,,
CVE-2003-0794,$.configurations[0].nodes[0].cpeMatch[3],9DF81497-99A3-49B9-9CEF-C94AA4FCC2A5,cpe:2.3:a:gnome:gdm:2.4.1.2:*:*:*:*:*:*:*,1,,,,
CVE-2003-0794,$.configurations[0].nodes[0].cpeMatch[4],B386DD54-80C4-44C1-9276-C875D0EEE8BE,cpe:2.3:a:gnome:gdm:2.4.1.3:*:*:*:*:*:*:*,1,,,,
CVE-2003-0794,$.configurations[0].nodes[0].cpeMatch[0],C35EE6D6-8058-4840-95E9-6540600F25C9,cpe:2.3:a:gnome:gdm:2.2.5.4:*:*:*:*:*:*:*,1,,,,
CVE-2003-0794,$.configurations[0].nodes[0].cpeMatch[1],C96A777E-0CA3-404C-9EF9-AF5D276FB9F4,cpe:2.3:a:gnome:gdm:2.4.1:*:*:*:*:*:*:*,1,,,,
CVE-2003-0794,$.configurations[0].nodes[0].cpeMatch[8],D0E054F0-C688-4CC6-A3DA-22884CA4C4C8,cpe:2.3:a:gnome:gdm:2.4.4:*:*:*:*:*:*:*,1,,,,
CVE-2003-0794,$.configurations[0].nodes[0].cpeMatch[6],DAA26805-862B-466F-AAE5-C8EF60312BFF,cpe:2.3:a:gnome:gdm:2.4.1.5:*:*:*:*:*:*:*,1,,,,
CVE-2003-0804,$.configurations[0].nodes[0].cpeMatch[8],00AE033B-5F16-4262-A397-02D7450189B8,cpe:2.3:o:apple:mac_os_x_server:10.2:*:*:*:*:*:*:*,1,,,,
CVE-2003-0804,$.configurations[0].nodes[0].cpeMatch[30],1957B3C0-7F25-469B-BC3F-7B09260837ED,cpe:2.3:o:openbsd:openbsd:3.2:*:*:*:*:*:*:*,1,,,,
CVE-2003-0804,$.configurations[0].nodes[0].cpeMatch[9],2E831F3E-A980-47AF-BD05-2DB1A14689B4,cpe:2.3:o:apple:mac_os_x_server:10.2.1:*:*:*:*:*:*:*,1,,,,
CVE-2003-0804,$.configurations[0].nodes[0].cpeMatch[15],35932546-B614-47C0-98E6-8EF1EFE06725,cpe:2.3:o:apple:mac_os_x_server:10.2.7:*:*:*:*:*:*:*,1,,,,
CVE-2003-0804,$.configurations[0].nodes[0].cpeMatch[10],36991737-904F-4B26-AEE2-7B30411279E8,cpe:2.3:o:apple:mac_os_x_server:10.2.2:*:*:*:*:*:*:*,1,,,,
CVE-2003-0804,$.configurations[0].nodes[0].cpeMatch[18],3BE1E3D8-2BB1-4FFA-9BC9-7AF347D26190,cpe:2.3:o:freebsd:freebsd:4.1.1:*:*:*:*:*:*:*,1,,,,
CVE-2003-0804,$.configurations[0].nodes[0].cpeMatch[26],441BE3A0-20F4-4972-B279-19B3DB5FA14D,cpe:2.3:o:freebsd:freebsd:4.8:*:*:*:*:*:*:*,1,,,,
CVE-2003-0804,$.configurations[0].nodes[0].cpeMatch[22],44308D13-D935-4FF8-AB52-F0E115ED1AD2,cpe:2.3:o:freebsd:freebsd:4.5:*:*:*:*:*:*:*,1,,,,
CVE-2003-0804,$.configurations[0].nodes[0].cpeMatch[14],46BC34D4-A1E8-4E01-982D-EAF03A0EB886,cpe:2.3:o:apple:mac_os_x_server:10.2.6:*:*:*:*:*:*:*,1,,,,
CVE-2003-0804,$.configurations[0].nodes[0].cpeMatch[24],4AB4AD26-6AF2-4F3A-B602-F231FAABA73E,cpe:2.3:o:freebsd:freebsd:4.6.2:*:*:*:*:*:*:*,1,,,,
CVE-2003-0804,$.configurations[0].nodes[0].cpeMatch[27],4AE93D3D-34B4-47B7-A784-61F4479FF5A2,cpe:2.3:o:freebsd:freebsd:4.9:pre-release:*:*:*:*:*:*,1,,,,
CVE-2003-0804,$.configurations[0].nodes[0].cpeMatch[29],4EE93350-92E6-4F5C-A14C-9993CFFDBCD4,cpe:2.3:o:freebsd:freebsd:5.1:*:*:*:*:*:*:*,1,,,,
CVE-2003-0804,$.configurations[0].nodes[0].cpeMatch[21],55C5FC1A-1253-4390-A4FC-573BB14EA937,cpe:2.3:o:freebsd:freebsd:4.4:*:*:*:*:*:*:*,1,,,,
CVE-2003-0804,$.configurations[0].nodes[0].cpeMatch[2],56CC0444-570C-4BB5-B53A-C5CA0BD87935,cpe:2.3:o:apple:mac_os_x:10.2.2:*:*:*:*:*:*:*,1,,,,
CVE-2003-0804,$.configurations[0].nodes[0].cpeMatch[4],5AFD8BC6-4893-4D9D-A26E-27AAC864F94B,cpe:2.3:o:apple:mac_os_x:10.2.4:*:*:*:*:*:*:*,1,,,,
CVE-2003-0804,$.configurations[0].nodes[0].cpeMatch[28],61EBA52A-2D8B-4FB5-866E-AE67CE1842E7,cpe:2.3:o:freebsd:freebsd:5.0:*:*:*:*:*:*:*,1,,,,
CVE-2003-0804,$.configurations[0].nodes[0].cpeMatch[12],620ECFC8-293D-4C2B-9698-67185BB6E2EF,cpe:2.3:o:apple:mac_os_x_server:10.2.4:*:*:*:*:*:*:*,1,,,,
CVE-2003-0804,$.configurations[0].nodes[0].cpeMatch[3],62E3EED7-FE30-4620-B40B-9CC49B77408A,cpe:2.3:o:apple:mac_os_x:10.2.3:*:*:*:*:*:*:*,1,,,,
CVE-2003-0804,$.configurations[0].nodes[0].cpeMatch[32],9496279F-AB43-4B53-81A6-87C651ABC4BA,cpe:2.3:o:openbsd:openbsd:3.4:*:*:*:*:*:*:*,1,,,,
CVE-2003-0804,$.configurations[0].nodes[0].cpeMatch[7],9B20E130-6078-4336-B614-273C27142B46,cpe:2.3:o:apple:mac_os_x:10.2.7:*:*:*:*:*:*:*,1,,,,
CVE-2003-0804,$.configurations[0].nodes[0].cpeMatch[5],9BD1F9A1-5ADB-451D-9525-D545E42D2B8F,cpe:2.3:o:apple:mac_os_x:10.2.5:*:*:*:*:*:*:*,1,,,,
CVE-2003-0804,$.configurations[0].nodes[0].cpeMatch[23],9C001822-FDF8-497C-AC2C-B59A00E9ACD2,cpe:2.3:o:freebsd:freebsd:4.6:*:*:*:*:*:*:*,1,,,,
CVE-2003-0804,$.configurations[0].nodes[0].cpeMatch[31],AC46909F-DDFC-448B-BCDF-1EB343F96630,cpe:2.3:o:openbsd:openbsd:3.3:*:*:*:*:*:*:*,1,,,,
CVE-2003-0804,$.configurations[0].nodes[0].cpeMatch[17],AE31DFF8-06AB-489D-A0C5-509C090283B5,cpe:2.3:o:freebsd:freebsd:4.1:*:*:*:*:*:*:*,1,,,,
CVE-2003-0804,$.configurations[0].nodes[0].cpeMatch[1],AE52A344-8B07-480D-A57F-B1F6E6574F3B,cpe:2.3:o:apple:mac_os_x:10.2.1:*:*:*:*:*:*:*,1,,,,
CVE-2003-0804,$.configurations[0].nodes[0].cpeMatch[25],B86C77AB-B8FF-4376-9B4E-C88417396F3D,cpe:2.3:o:freebsd:freebsd:4.7:*:*:*:*:*:*:*,1,,,,
CVE-2003-0804,$.configurations[0].nodes[0].cpeMatch[13],C1F14A45-BDDB-4C12-9370-D5241975A928,cpe:2.3:o:apple:mac_os_x_server:10.2.5:*:*:*:*:*:*:*,1,,,,
CVE-2003-0804,$.configurations[0].nodes[0].cpeMatch[0],CDCF4FB3-F781-46D5-BEE7-485B3DC78B83,cpe:2.3:o:apple:mac_os_x:10.2:*:*:*:*:*:*:*,1,,,,
CVE-2003-0804,$.configurations[0].nodes[0].cpeMatch[16],D0A585A1-FF82-418F-90F8-072458DB7816,cpe:2.3:o:freebsd:freebsd:4.0:*:*:*:*:*:*:*,1,,,,
CVE-2003-0804,$.configurations[0].nodes[0].cpeMatch[20],D2019E0E-426B-43AF-8904-1B811AE171E8,cpe:2.3:o:freebsd:freebsd:4.3:*:*:*:*:*:*:*,1,,,,
CVE-2003-0804,$.configurations[0].nodes[0].cpeMatch[6],D7A24978-2891-425C-ACF6-E8F5C839C54A,cpe:2.3:o:apple:mac_os_x:10.2.6:*:*:*:*:*:*:*,1,,,,
CVE-2003-0804,$.configurations[0].nodes[0].cpeMatch[19],DF49BF03-C25E-4737-84D5-892895C86C58,cpe:2.3:o:freebsd:freebsd:4.2:*:*:*:*:*:*:*,1,,,,
CVE-2003-0804,$.configurations[0].nodes[0].cpeMatch[11],F7EE6036-1A18-43F1-8A92-7DF39E1516E3,cpe:2.3:o:apple:mac_os_x_server:10.2.3:*:*:*:*:*:*:*,1,,,,
CVE-2003-0809,$.configurations[0].nodes[0].cpeMatch[0],24DF2AB3-DEAB-4D70-986E-FFBB7E64B96A,cpe:2.3:a:microsoft:ie:6.0:sp1:*:*:*:*:*:*,1,,,,
CVE-2003-0809,$.configurations[0].nodes[0].cpeMatch[6],2CD04E07-3664-4D4F-BF3E-6B33AF0F2D12,cpe:2.3:a:microsoft:internet_explorer:5.5:sp1:*:*:*:*:*:*,1,,,,
CVE-2003-0809,$.configurations[0].nodes[0].cpeMatch[1],3A04FEA6-37B0-44B0-844F-55652ABA1F85,cpe:2.3:a:microsoft:internet_explorer:5.0.1:*:*:*:*:*:*:*,1,,,,
CVE-2003-0809,$.configurations[0].nodes[0].cpeMatch[4],40372520-08CF-4F64-A7AC-7E0AE0964138,cpe:2.3:a:microsoft:internet_explorer:5.0.1:sp3:*:*:*:*:*:*,1,,,,
CVE-2003-0809,$.configurations[0].nodes[0].cpeMatch[5],40F8042F-C621-45AE-9F8C-70469579643A,cpe:2.3:a:microsoft:internet_explorer:5.5:*:*:*:*:*:*:*,1,,,,
CVE-2003-0809,$.configurations[0].nodes[0].cpeMatch[2],4D56FB8E-2553-47C1-82A2-9E59023780CE,cpe:2.3:a:microsoft:internet_explorer:5.0.1:sp1:*:*:*:*:*:*,1,,,,
CVE-2003-0809,$.configurations[0].nodes[0].cpeMatch[3],8541EEED-94F4-42F8-9719-57F3EC85D52B,cpe:2.3:a:microsoft:internet_explorer:5.0.1:sp2:*:*:*:*:*:*,1,,,,
CVE-2003-0809,$.configurations[0].nodes[0].cpeMatch[8],A19F6133-25D1-44A5-B6B9-354703436783,cpe:2.3:a:microsoft:internet_explorer:6.0:*:*:*:*:*:*:*,1,,,,
CVE-2003-0809,$.configurations[0].nodes[0].cpeMatch[7],D05ED9D0-CF78-4FAD-9371-6FB3D5825148,cpe:2.3:a:microsoft:internet_explorer:5.5:sp2:*:*:*:*:*:*,1,,,,
CVE-2003-0813,$.configurations[0].nodes[0].cpeMatch[9],2572F7E5-75A3-4C11-866B-A4E9ADBD8D08,cpe:2.3:o:microsoft:windows_xp:-:sp1:*:*:*:*:*:*,1,,,,
CVE-2003-0813,$.configurations[0].nodes[0].cpeMatch[3],40FC681A-7B85-4495-8DCC-C459FE7E2F13,cpe:2.3:o:microsoft:windows_98:-:*:*:*:*:*:*:*,1,,,,
CVE-2003-0813,$.configurations[0].nodes[0].cpeMatch[0],4E8B7346-F2AA-434C-A048-7463EC1BB117,cpe:2.3:o:microsoft:windows_2000:*:sp2:*:*:*:*:*:*,1,,,,
CVE-2003-0813,$.configurations[0].nodes[0].cpeMatch[2],83E7C4A0-78CF-4B56-82BF-EC932BDD8ADF,cpe:2.3:o:microsoft:windows_2000:*:sp4:*:*:*:*:*:*,1,,,,
CVE-2003-0813,$.configurations[0].nodes[0].cpeMatch[5],8C5AA872-3652-4A44-8858-80F7E73AE610,cpe:2.3:o:microsoft:windows_nt:4.0:sp6a:*:*:terminal_server:*:*:*,1,,,,
CVE-2003-0813,$.configurations[0].nodes[0].cpeMatch[8],B47EBFCC-1828-45AB-BC6D-FB980929A81A,cpe:2.3:o:microsoft:windows_xp:-:*:*:*:*:*:*:*,1,,,,
CVE-2003-0813,$.configurations[0].nodes[0].cpeMatch[1],BE1A6107-DE00-4A1C-87FC-9E4015165B5B,cpe:2.3:o:microsoft:windows_2000:*:sp3:*:*:*:*:*:*,1,,,,
CVE-2003-0813,$.configurations[0].nodes[0].cpeMatch[7],D70FFD93-4E29-4CBF-A6FF-08AF64757B99,cpe:2.3:o:microsoft:windows_server_2003:*:*:*:*:*:*:x86:*,1,,,,
CVE-2003-0813,$.configurations[0].nodes[0].cpeMatch[6],D7FF4488-E42E-4895-8C25-D71E3969BF3B,cpe:2.3:o:microsoft:windows_server_2003:*:*:*:*:*:*:x64:*,1,,,,
CVE-2003-0813,$.configurations[0].nodes[0].cpeMatch[4],DB28B8C1-9110-4780-A0CB-2188D1E86F56,cpe:2.3:o:microsoft:windows_nt:4.0:sp6a:*:*:server:*:*:*,1,,,,
CVE-2003-0830,$.configurations[0].nodes[0].cpeMatch[0],21F9902A-0CCF-4870-B96D-66AD61B9E008,cpe:2.3:a:marbles:marbles:1.0.1:*:*:*:*:*:*:*,1,,,,
CVE-2003-0831,$.configurations[0].nodes[0].cpeMatch[1],0D8C629A-5D13-4DE2-A866-DC99C8D0A761,cpe:2.3:a:proftpd_project:proftpd:1.2.7_rc1:*:*:*:*:*:*:*,1,,,,
CVE-2003-0831,$.configurations[0].nodes[0].cpeMatch[0],31D12FAE-5839-4123-876E-0A32DA2B1A42,cpe:2.3:a:proftpd_project:proftpd:1.2.7:*:*:*:*:*:*:*,1,,,,
CVE-2003-0831,$.configurations[0].nodes[0].cpeMatch[2],3A879A73-C624-4D47-A748-9EAC73EC8DBD,cpe:2.3:a:proftpd_project:proftpd:1.2.7_rc2:*:*:*:*:*:*:*,1,,,,
CVE-2003-0831,$.configurations[0].nodes[0].cpeMatch[3],53CC91C6-C680-469E-A103-691FAA1CF344,cpe:2.3:a:proftpd_project:proftpd:1.2.7_rc3:*:*:*:*:*:*:*,1,,,,
CVE-2003-0831,$.configurations[0].nodes[0].cpeMatch[8],89CD92BA-407E-4089-A98F-6D1309D8C294,cpe:2.3:a:proftpd_project:proftpd:1.2.9_rc2:*:*:*:*:*:*:*,1,,,,
CVE-2003-0831,$.configurations[0].nodes[0].cpeMatch[6],918684E1-D1B5-48C6-B413-2FE86379EFF5,cpe:2.3:a:proftpd_project:proftpd:1.2.8_rc2:*:*:*:*:*:*:*,1,,,,
CVE-2003-0831,$.configurations[0].nodes[0].cpeMatch[7],A9C5CBBA-43CE-4D77-9DA4-D4C4E010978B,cpe:2.3:a:proftpd_project:proftpd:1.2.9_rc1:*:*:*:*:*:*:*,1,,,,
CVE-2003-0831,$.configurations[0].nodes[0].cpeMatch[4],C11D565E-0A90-4093-AA87-34A6DAE68E88,cpe:2.3:a:proftpd_project:proftpd:1.2.8:*:*:*:*:*:*:*,1,,,,
CVE-2003-0831,$.configurations[0].nodes[0].cpeMatch[5],E8B4A0D9-071F-4F0E-9826-054D5651773C,cpe:2.3:a:proftpd_project:proftpd:1.2.8_rc1:*:*:*:*:*:*:*,1,,,,
CVE-2003-0832,$.configurations[0].nodes[0].cpeMatch[3],2231B529-C414-4A6D-A077-287BCAFDBF4E,cpe:2.3:a:webfs:webfs:1.20:*:*:*:*:*:*:*,1,,,,
CVE-2003-0832,$.configurations[0].nodes[0].cpeMatch[0],72E37483-14AF-4197-B539-F5F1691C4681,cpe:2.3:a:webfs:webfs:1.17:*:*:*:*:*:*:*,1,,,,
CVE-2003-0832,$.configurations[0].nodes[0].cpeMatch[2],80F35932-81DF-4BE3-BD40-152F518A13E0,cpe:2.3:a:webfs:webfs:1.19:*:*:*:*:*:*:*,1,,,,
CVE-2003-0832,$.configurations[0].nodes[0].cpeMatch[1],EA0D8CC0-B383-4129-A5D6-A42BC8E083D8,cpe:2.3:a:webfs:webfs:1.18:*:*:*:*:*:*:*,1,,,,
CVE-2003-0833,$.configurations[0].nodes[0].cpeMatch[3],2231B529-C414-4A6D-A077-287BCAFDBF4E,cpe:2.3:a:webfs:webfs:1.20:*:*:*:*:*:*:*,1,,,,
CVE-2003-0833,$.configurations[0].nodes[0].cpeMatch[0],72E37483-14AF-4197-B539-F5F1691C4681,cpe:2.3:a:webfs:webfs:1.17:*:*:*:*:*:*:*,1,,,,
CVE-2003-0833,$.configurations[0].nodes[0].cpeMatch[2],80F35932-81DF-4BE3-BD40-152F518A13E0,cpe:2.3:a:webfs:webfs:1.19:*:*:*:*:*:*:*,1,,,,
CVE-2003-0833,$.configurations[0].nodes[0].cpeMatch[1],EA0D8CC0-B383-4129-A5D6-A42BC8E083D8,cpe:2.3:a:webfs:webfs:1.18:*:*:*:*:*:*:*,1,,,,
CVE-2003-0835,$.configurations[0].nodes[0].cpeMatch[0],2AD73BA0-D315-4ADA-A942-8DCC2A920B28,cpe:2.3:a:mplayer:mplayer:0.90:*:*:*:*:*:*:*,1,,,,
CVE-2003-0835,$.configurations[0].nodes[0].cpeMatch[3],30D6A539-5523-4E52-854A-82CDCDBDFC45,cpe:2.3:a:mplayer:mplayer:0.90_rc4:*:*:*:*:*:*:*,1,,,,
CVE-2003-0835,$.configurations[0].nodes[0].cpeMatch[5],500E5BD7-3F17-455F-8463-50B145128873,cpe:2.3:a:mplayer:mplayer:1.0_pre1:*:*:*:*:*:*:*,1,,,,
CVE-2003-0835,$.configurations[0].nodes[0].cpeMatch[2],55D3C3E6-862E-470E-8CEA-4B333B906172,cpe:2.3:a:mplayer:mplayer:0.90_rc:*:*:*:*:*:*:*,1,,,,
CVE-2003-0835,$.configurations[0].nodes[0].cpeMatch[1],710ACCE6-B3E3-474A-B78B-5A123EC24DE1,cpe:2.3:a:mplayer:mplayer:0.90_pre:*:*:*:*:*:*:*,1,,,,
CVE-2003-0835,$.configurations[0].nodes[0].cpeMatch[4],CA841B0B-8FA9-45F9-9B60-7C9BD1A92E14,cpe:2.3:a:mplayer:mplayer:0.91:*:*:*:*:*:*:*,1,,,,
CVE-2003-0836,$.configurations[0].nodes[0].cpeMatch[1],3DC757E1-EC37-48C5-BE72-53184624ACDC,cpe:2.3:a:ibm:db2_universal_database:8.1:*:aix:*:*:*:*:*,1,,,,
CVE-2003-0836,$.configurations[0].nodes[0].cpeMatch[0],80DE2026-D9F0-4AAA-97E6-F4FB0EBDB265,cpe:2.3:a:ibm:db2_universal_database:7.2:*:linux:*:*:*:*:*,1,,,,
CVE-2003-0837,$.configurations[0].nodes[0].cpeMatch[0],80DE2026-D9F0-4AAA-97E6-F4FB0EBDB265,cpe:2.3:a:ibm:db2_universal_database:7.2:*:linux:*:*:*:*:*,1,,,,
CVE-2003-0838,$.configurations[0].nodes[0].cpeMatch[0],24DF2AB3-DEAB-4D70-986E-FFBB7E64B96A,cpe:2.3:a:microsoft:ie:6.0:sp1:*:*:*:*:*:*,1,,,,
CVE-2003-0838,$.configurations[0].nodes[0].cpeMatch[6],2CD04E07-3664-4D4F-BF3E-6B33AF0F2D12,cpe:2.3:a:microsoft:internet_explorer:5.5:sp1:*:*:*:*:*:*,1,,,,
CVE-2003-0838,$.configurations[0].nodes[0].cpeMatch[1],3A04FEA6-37B0-44B0-844F-55652ABA1F85,cpe:2.3:a:microsoft:internet_explorer:5.0.1:*:*:*:*:*:*:*,1,,,,
CVE-2003-0838,$.configurations[0].nodes[0].cpeMatch[4],40372520-08CF-4F64-A7AC-7E0AE0964138,cpe:2.3:a:microsoft:internet_explorer:5.0.1:sp3:*:*:*:*:*:*,1,,,,
CVE-2003-0838,$.configurations[0].nodes[0].cpeMatch[5],40F8042F-C621-45AE-9F8C-70469579643A,cpe:2.3:a:microsoft:internet_explorer:5.5:*:*:*:*:*:*:*,1,,,,
CVE-2003-0838,$.configurations[0].nodes[0].cpeMatch[2],4D56FB8E-2553-47C1-82A2-9E59023780CE,cpe:2.3:a:microsoft:internet_explorer:5.0.1:sp1:*:*:*:*:*:*,1,,,,
CVE-2003-0838,$.configurations[0].nodes[0].cpeMatch[3],8541EEED-94F4-42F8-9719-57F3EC85D52B,cpe:2.3:a:microsoft:internet_explorer:5.0.1:sp2:*:*:*:*:*:*,1,,,,
CVE-2003-0838,$.configurations[0].nodes[0].cpeMatch[8],A19F6133-25D1-44A5-B6B9-354703436783,cpe:2.3:a:microsoft:internet_explorer:6.0:*:*:*:*:*:*:*,1,,,,
CVE-2003-0838,$.configurations[0].nodes[0].cpeMatch[7],D05ED9D0-CF78-4FAD-9371-6FB3D5825148,cpe:2.3:a:microsoft:internet_explorer:5.5:sp2:*:*:*:*:*:*,1,,,,
CVE-2003-0839,$.configurations[0].nodes[0].cpeMatch[0],4E7FD818-322D-4089-A644-360C33943D29,cpe:2.3:o:microsoft:windows_2003_server:r2:*:*:*:*:*:*:*,1,,,,
CVE-2003-0840,$.configurations[0].nodes[0].cpeMatch[0],771931F7-9180-4EBD-8627-E1CF17D24647,cpe:2.3:o:hp:hp-ux:11.00:*:*:*:*:*:*:*,1,,,,
CVE-2003-0841,$.configurations[0].nodes[0].cpeMatch[0],3AB9F0A9-4E09-4B11-8CFD-5FACB0C40047,cpe:2.3:a:oracle:peopletools:8.42:*:*:*:*:*:*:*,1,,,,
CVE-2003-0842,$.configurations[0].nodes[0].cpeMatch[0],34B327B1-0C38-47DA-8CF3-03C3753E0582,cpe:2.3:a:dag_apt_repository:mod_gzip:1.3.26.1a:*:*:*:*:*:*:*,1,,,,
CVE-2003-0843,$.configurations[0].nodes[0].cpeMatch[0],3F18A4E3-D4C9-48D3-A0EB-C99DABD7C214,cpe:2.3:a:dag_apt_repository:mod_gzip:*:*:*:*:*:*:*:*,1,,,1.3.26.1a,
CVE-2003-0844,$.configurations[0].nodes[0].cpeMatch[0],A0891F87-B15D-441C-ABF1-6E0328466087,cpe:2.3:a:schroepl:mod_gzip:*:*:*:*:*:*:*:*,1,,,1.3.26.1a,
CVE-2003-0845,$.configurations[0].nodes[0].cpeMatch[0],02A49CA7-EA0B-43CA-B964-D28B14003CF5,cpe:2.3:a:jboss:jboss:3.0.8:*:*:*:*:*:*:*,1,,,,
CVE-2003-0845,$.configurations[0].nodes[0].cpeMatch[1],4F77BAF8-2933-405D-AAAC-9B5FE4D9F66F,cpe:2.3:a:jboss:jboss:3.2.1:*:*:*:*:*:*:*,1,,,,
CVE-2003-0846,$.configurations[0].nodes[0].cpeMatch[0],D4AC57BA-446F-436B-BDC6-AB1B81D23DC9,cpe:2.3:o:suse:suse_linux:7.3:*:pro:*:*:*:*:*,1,,,,
CVE-2003-0847,$.configurations[0].nodes[0].cpeMatch[0],4DA74FD7-3A1F-4D16-8396-2F12A34D1749,cpe:2.3:o:suse:suse_linux:8.2:*:professional:*:*:*:*:*,1,,,,
CVE-2003-0848,$.configurations[0].nodes[0].cpeMatch[2],0874D827-3048-413A-B804-C7F2DE709C75,cpe:2.3:a:slocate:slocate:2.3:*:*:*:*:*:*:*,1,,,,
CVE-2003-0848,$.configurations[0].nodes[0].cpeMatch[0],279429CA-F200-43BB-A79D-30700B4468FF,cpe:2.3:a:slocate:slocate:2.1:*:*:*:*:*:*:*,1,,,,
CVE-2003-0848,$.configurations[0].nodes[0].cpeMatch[1],5F837D07-C60B-45EF-A778-5CD3F529CA5C,cpe:2.3:a:slocate:slocate:2.2:*:*:*:*:*:*:*,1,,,,
CVE-2003-0848,$.configurations[0].nodes[0].cpeMatch[3],A83BC51E-E90F-4EBD-B6AE-66DEBEB0E903,cpe:2.3:a:slocate:slocate:2.4:*:*:*:*:*:*:*,1,,,,
CVE-2003-0848,$.configurations[0].nodes[0].cpeMatch[5],BC7BA3F6-7AAF-477B-8615-F1E857775A0F,cpe:2.3:a:slocate:slocate:2.6:*:*:*:*:*:*:*,1,,,,
CVE-2003-0848,$.configurations[0].nodes[0].cpeMatch[4],D141DDC6-29DF-46AC-8EDB-BBB16BD549EB,cpe:2.3:a:slocate:slocate:2.5:*:*:*:*:*:*:*,1,,,,
CVE-2003-0849,$.configurations[0].nodes[0].cpeMatch[7],0B6729F6-B94B-4897-BEF5-C3A10A18D085,cpe:2.3:a:gnu:cfengine:2.0.5:pre:*:*:*:*:*:*,1,,,,
CVE-2003-0849,$.configurations[0].nodes[0].cpeMatch[5],2B4445F7-307B-4653-A0E4-0AE513218980,cpe:2.3:a:gnu:cfengine:2.0.5:*:*:*:*:*:*:*,1,,,,
CVE-2003-0849,$.configurations[0].nodes[0].cpeMatch[9],455F26C8-CFDD-4C9C-8482-8D53614B1143,cpe:2.3:a:gnu:cfengine:2.0.6:*:*:*:*:*:*:*,1,,,,
CVE-2003-0849,$.configurations[0].nodes[0].cpeMatch[12],5E622AEA-F5B4-4BA3-B9F0-2E7C4D121411,cpe:2.3:a:gnu:cfengine:2.0.7:p2:*:*:*:*:*:*,1,,,,
CVE-2003-0849,$.configurations[0].nodes[0].cpeMatch[0],5E712F24-407C-451F-9DB4-09579B50F85B,cpe:2.3:a:gnu:cfengine:2.0.0:*:*:*:*:*:*:*,1,,,,
CVE-2003-0849,$.configurations[0].nodes[0].cpeMatch[10],61A3C108-D79A-4465-8F4D-317AD84098AA,cpe:2.3:a:gnu:cfengine:2.0.7:*:*:*:*:*:*:*,1,,,,
CVE-2003-0849,$.configurations[0].nodes[0].cpeMatch[8],8CF801CA-BED6-43CA-8EA1-522365F2AA57,cpe:2.3:a:gnu:cfengine:2.0.5:pre2:*:*:*:*:*:*,1,,,,
CVE-2003-0849,$.configurations[0].nodes[0].cpeMatch[15],9BAB0408-08BD-4DCE-BA56-C60AD845E705,cpe:2.3:a:gnu:cfengine:2.1.0:a8:*:*:*:*:*:*,1,,,,
CVE-2003-0849,$.configurations[0].nodes[0].cpeMatch[14],9CD529EF-93DF-441E-968B-32BAF48A9913,cpe:2.3:a:gnu:cfengine:2.1.0:a6:*:*:*:*:*:*,1,,,,
CVE-2003-0849,$.configurations[0].nodes[0].cpeMatch[1],B3AE934D-08E5-42C7-B4C1-C9B0C8881B3E,cpe:2.3:a:gnu:cfengine:2.0.1:*:*:*:*:*:*:*,1,,,,
CVE-2003-0849,$.configurations[0].nodes[0].cpeMatch[6],B4EC7DFB-CBB8-457F-94A0-1DBB833F5F71,cpe:2.3:a:gnu:cfengine:2.0.5:b1:*:*:*:*:*:*,1,,,,
CVE-2003-0849,$.configurations[0].nodes[0].cpeMatch[3],CC2CD9C4-C206-4C43-B519-6E791187E2DE,cpe:2.3:a:gnu:cfengine:2.0.3:*:*:*:*:*:*:*,1,,,,
CVE-2003-0849,$.configurations[0].nodes[0].cpeMatch[11],D21D57EA-DF58-429B-9FBE-F0080085B62E,cpe:2.3:a:gnu:cfengine:2.0.7:p1:*:*:*:*:*:*,1,,,,
CVE-2003-0849,$.configurations[0].nodes[0].cpeMatch[13],D23A118C-59A6-44AB-A772-ED0037C95B53,cpe:2.3:a:gnu:cfengine:2.0.7:p3:*:*:*:*:*:*,1,,,,
CVE-2003-0849,$.configurations[0].nodes[0].cpeMatch[4],D38FC40B-AC0A-4DD6-9964-3E8D57EC5F19,cpe:2.3:a:gnu:cfengine:2.0.4:*:*:*:*:*:*:*,1,,,,
CVE-2003-0849,$.configurations[0].nodes[0].cpeMatch[16],F78851E3-1E2B-45DB-8B4A-F8E1BDE2E057,cpe:2.3:a:gnu:cfengine:2.1.0:a9:*:*:*:*:*:*,1,,,,
CVE-2003-0849,$.configurations[0].nodes[0].cpeMatch[2],FD09E7B0-CA9F-49FC-BB8B-54CDB3230C98,cpe:2.3:a:gnu:cfengine:2.0.2:*:*:*:*:*:*:*,1,,,,
CVE-2003-0850,$.configurations[0].nodes[0].cpeMatch[1],0106A3B8-B9AF-4693-A913-7144CBFB99CC,cpe:2.3:a:rafal_wojtczuk:libnids:1.11:*:*:*:*:*:*:*,1,,,,
CVE-2003-0850,$.configurations[0].nodes[0].cpeMatch[2],3BA72AC9-E57E-49C6-9DD7-83F3257B5C5C,cpe:2.3:a:rafal_wojtczuk:libnids:1.12:*:*:*:*:*:*:*,1,,,,
CVE-2003-0850,$.configurations[0].nodes[0].cpeMatch[0],3BEDEF47-8205-42DD-93B7-100B1F7F1872,cpe:2.3:a:dug_song:dsniff:2.3:*:*:*:*:*:*:*,1,,,,
CVE-2003-0850,$.configurations[0].nodes[0].cpeMatch[6],3C35D826-724A-4C68-8053-E8A6B23AF5F8,cpe:2.3:a:rafal_wojtczuk:libnids:1.17:*:*:*:*:*:*:*,1,,,,
CVE-2003-0850,$.configurations[0].nodes[0].cpeMatch[4],3E357E33-4A31-4FF9-AFC4-2CFB1F5ABB73,cpe:2.3:a:rafal_wojtczuk:libnids:1.14:*:*:*:*:*:*:*,1,,,,
CVE-2003-0850,$.configurations[0].nodes[0].cpeMatch[5],7E5F9F00-60E7-4A75-817B-08F0320FC22D,cpe:2.3:a:rafal_wojtczuk:libnids:1.16:*:*:*:*:*:*:*,1,,,,
CVE-2003-0850,$.configurations[0].nodes[0].cpeMatch[3],BD6C3AEC-2C76-407B-A969-9C015B96A52A,cpe:2.3:a:rafal_wojtczuk:libnids:1.13:*:*:*:*:*:*:*,1,,,,
CVE-2003-0852,$.configurations[0].nodes[0].cpeMatch[3],2EF47A61-63FA-4695-A6B8-E6252205026E,cpe:2.3:a:sylpheed-claws:sylpheed-claws:0.9.4:*:*:*:*:*:*:*,1,,,,
CVE-2003-0852,$.configurations[0].nodes[0].cpeMatch[2],48AA3783-5007-4869-A699-36E1888C16F4,cpe:2.3:a:sylpheed:sylpheed:0.9.6:*:*:*:*:*:*:*,1,,,,
CVE-2003-0852,$.configurations[0].nodes[0].cpeMatch[0],4DAAF875-EBB8-4B6C-99CD-503AFAD5633B,cpe:2.3:a:sylpheed:sylpheed:0.9.4:*:*:*:*:*:*:*,1,,,,
CVE-2003-0852,$.configurations[0].nodes[0].cpeMatch[1],61E0580E-1F1C-4FF1-80AB-4151CFF6C880,cpe:2.3:a:sylpheed:sylpheed:0.9.5:*:*:*:*:*:*:*,1,,,,
CVE-2003-0852,$.configurations[0].nodes[0].cpeMatch[4],941EDB98-28E5-4263-B429-5FD6DAA4A95D,cpe:2.3:a:sylpheed-claws:sylpheed-claws:0.9.5:*:*:*:*:*:*:*,1,,,,
CVE-2003-0852,$.configurations[0].nodes[0].cpeMatch[5],C4F7290C-E2BE-4A98-A5C1-40A29C76D0C8,cpe:2.3:a:sylpheed-claws:sylpheed-claws:0.9.6:*:*:*:*:*:*:*,1,,,,
CVE-2003-0853,$.configurations[0].nodes[0].cpeMatch[12],0A096214-84AD-44F5-BBEF-F9F17B9B0C43,cpe:2.3:a:washington_university:wu-ftpd:2.4.2_beta18_vr8:*:*:*:*:*:*:*,1,,,,
CVE-2003-0853,$.configurations[0].nodes[0].cpeMatch[14],1E3D0CC6-D1A0-4784-BE93-319C7EE59134,cpe:2.3:a:washington_university:wu-ftpd:2.4.2_beta18_vr10:*:*:*:*:*:*:*,1,,,,
CVE-2003-0853,$.configurations[0].nodes[0].cpeMatch[5],28E5257A-F5ED-482C-9A0B-3B576513E7D7,cpe:2.3:a:washington_university:wu-ftpd:2.4.1:*:*:*:*:*:*:*,1,,,,
CVE-2003-0853,$.configurations[0].nodes[0].cpeMatch[22],473E71DD-F779-4F93-838A-AD6768BB8DFC,cpe:2.3:a:washington_university:wu-ftpd:2.5.0:*:*:*:*:*:*:*,1,,,,
CVE-2003-0853,$.configurations[0].nodes[0].cpeMatch[13],4989799F-143A-45E5-A30C-9E3203649770,cpe:2.3:a:washington_university:wu-ftpd:2.4.2_beta18_vr9:*:*:*:*:*:*:*,1,,,,
CVE-2003-0853,$.configurations[0].nodes[0].cpeMatch[11],4B9E32F3-06CF-482D-8313-3D098CDE8B6B,cpe:2.3:a:washington_university:wu-ftpd:2.4.2_beta18_vr7:*:*:*:*:*:*:*,1,,,,
CVE-2003-0853,$.configurations[0].nodes[0].cpeMatch[15],4FA32489-F098-43D2-80B7-89CFE0BE9A3A,cpe:2.3:a:washington_university:wu-ftpd:2.4.2_beta18_vr11:*:*:*:*:*:*:*,1,,,,
CVE-2003-0853,$.configurations[0].nodes[0].cpeMatch[20],573486C8-0349-4BC9-AD7D-3FBF93DDB6AF,cpe:2.3:a:washington_university:wu-ftpd:2.4.2_vr16:*:*:*:*:*:*:*,1,,,,
CVE-2003-0853,$.configurations[0].nodes[0].cpeMatch[0],5763D60E-A358-4D0A-BD7B-B01CC4CAD7C1,cpe:2.3:a:gnu:fileutils:4.0:*:*:*:*:*:*:*,1,,,,
CVE-2003-0853,$.configurations[0].nodes[0].cpeMatch[1],5B1309D6-E5D0-41FB-B7E0-2667EE34C796,cpe:2.3:a:gnu:fileutils:4.0.36:*:*:*:*:*:*:*,1,,,,
CVE-2003-0853,$.configurations[0].nodes[0].cpeMatch[24],7196CF2D-8CCC-454A-A2C1-6408A9D636C5,cpe:2.3:a:washington_university:wu-ftpd:2.6.1:*:*:*:*:*:*:*,1,,,,
CVE-2003-0853,$.configurations[0].nodes[0].cpeMatch[3],7E2FE284-B564-48C7-9DA4-31A6D9AD3E38,cpe:2.3:a:gnu:fileutils:4.1.6:*:*:*:*:*:*:*,1,,,,
CVE-2003-0853,$.configurations[0].nodes[0].cpeMatch[6],833542E5-B4E7-4995-95C9-E012AE13902D,cpe:2.3:a:washington_university:wu-ftpd:2.4.2_beta2:*:academ:*:*:*:*:*,1,,,,
CVE-2003-0853,$.configurations[0].nodes[0].cpeMatch[16],91C6388E-464B-4562-BC7B-7B4A66387B30,cpe:2.3:a:washington_university:wu-ftpd:2.4.2_beta18_vr12:*:*:*:*:*:*:*,1,,,,
CVE-2003-0853,$.configurations[0].nodes[0].cpeMatch[17],923B5711-853D-4A77-8FB3-D5C3D449518D,cpe:2.3:a:washington_university:wu-ftpd:2.4.2_beta18_vr13:*:*:*:*:*:*:*,1,,,,
CVE-2003-0853,$.configurations[0].nodes[0].cpeMatch[18],9BB1B136-F90E-426B-8010-F2D059E89DBE,cpe:2.3:a:washington_university:wu-ftpd:2.4.2_beta18_vr14:*:*:*:*:*:*:*,1,,,,
CVE-2003-0853,$.configurations[0].nodes[0].cpeMatch[8],B39D46C4-B153-4301-AE9C-57FB6BA64CD9,cpe:2.3:a:washington_university:wu-ftpd:2.4.2_beta18_vr4:*:*:*:*:*:*:*,1,,,,
CVE-2003-0853,$.configurations[0].nodes[0].cpeMatch[2],C2F6A8F0-396B-4484-9621-70FFC61BF4A8,cpe:2.3:a:gnu:fileutils:4.1:*:*:*:*:*:*:*,1,,,,
CVE-2003-0853,$.configurations[0].nodes[0].cpeMatch[23],C5E9B738-E8DF-4FE7-B4A5-91DE46A9CF8F,cpe:2.3:a:washington_university:wu-ftpd:2.6.0:*:*:*:*:*:*:*,1,,,,
CVE-2003-0853,$.configurations[0].nodes[0].cpeMatch[7],C63ACBE3-5BB2-483E-A5FE-87698E98354A,cpe:2.3:a:washington_university:wu-ftpd:2.4.2_beta18:*:academ:*:*:*:*:*,1,,,,
CVE-2003-0853,$.configurations[0].nodes[0].cpeMatch[21],CAD81A30-9C35-4EEA-B6FE-A4AC76893AC6,cpe:2.3:a:washington_university:wu-ftpd:2.4.2_vr17:*:*:*:*:*:*:*,1,,,,
CVE-2003-0853,$.configurations[0].nodes[0].cpeMatch[19],CD9EFCD7-2A13-420E-B6A0-C1248B2E6E2F,cpe:2.3:a:washington_university:wu-ftpd:2.4.2_beta18_vr15:*:*:*:*:*:*:*,1,,,,
CVE-2003-0853,$.configurations[0].nodes[0].cpeMatch[25],D851CEBD-4FE5-46D9-99BD-CA3F3235B2E6,cpe:2.3:a:washington_university:wu-ftpd:2.6.2:*:*:*:*:*:*:*,1,,,,
CVE-2003-0853,$.configurations[0].nodes[0].cpeMatch[9],E55582DD-DEF7-4BF8-950C-E7E58BD29DE5,cpe:2.3:a:washington_university:wu-ftpd:2.4.2_beta18_vr5:*:*:*:*:*:*:*,1,,,,
CVE-2003-0853,$.configurations[0].nodes[0].cpeMatch[4],F0049681-875E-4876-B2E4-519708F2BBBA,cpe:2.3:a:gnu:fileutils:4.1.7:*:*:*:*:*:*:*,1,,,,
CVE-2003-0853,$.configurations[0].nodes[0].cpeMatch[10],FF9B9132-19A1-4242-A129-E5A49F466EA2,cpe:2.3:a:washington_university:wu-ftpd:2.4.2_beta18_vr6:*:*:*:*:*:*:*,1,,,,
CVE-2003-0854,$.configurations[0].nodes[0].cpeMatch[12],0A096214-84AD-44F5-BBEF-F9F17B9B0C43,cpe:2.3:a:washington_university:wu-ftpd:2.4.2_beta18_vr8:*:*:*:*:*:*:*,1,,,,
CVE-2003-0854,$.configurations[0].nodes[0].cpeMatch[14],1E3D0CC6-D1A0-4784-BE93-319C7EE59134,cpe:2.3:a:washington_university:wu-ftpd:2.4.2_beta18_vr10:*:*:*:*:*:*:*,1,,,,
CVE-2003-0854,$.configurations[0].nodes[0].cpeMatch[5],28E5257A-F5ED-482C-9A0B-3B576513E7D7,cpe:2.3:a:washington_university:wu-ftpd:2.4.1:*:*:*:*:*:*:*,1,,,,
CVE-2003-0854,$.configurations[0].nodes[0].cpeMatch[22],473E71DD-F779-4F93-838A-AD6768BB8DFC,cpe:2.3:a:washington_university:wu-ftpd:2.5.0:*:*:*:*:*:*:*,1,,,,
CVE-2003-0854,$.configurations[0].nodes[0].cpeMatch[13],4989799F-143A-45E5-A30C-9E3203649770,cpe:2.3:a:washington_university:wu-ftpd:2.4.2_beta18_vr9:*:*:*:*:*:*:*,1,,,,
CVE-2003-0854,$.configurations[0].nodes[0].cpeMatch[11],4B9E32F3-06CF-482D-8313-3D098CDE8B6B,cpe:2.3:a:washington_university:wu-ftpd:2.4.2_beta18_vr7:*:*:*:*:*:*:*,1,,,,
CVE-2003-0854,$.configurations[0].nodes[0].cpeMatch[15],4FA32489-F098-43D2-80B7-89CFE0BE9A3A,cpe:2.3:a:washington_university:wu-ftpd:2.4.2_beta18_vr11:*:*:*:*:*:*:*,1,,,,
CVE-2003-0854,$.configurations[0].nodes[0].cpeMatch[20],573486C8-0349-4BC9-AD7D-3FBF93DDB6AF,cpe:2.3:a:washington_university:wu-ftpd:2.4.2_vr16:*:*:*:*:*:*:*,1,,,,
CVE-2003-0854,$.configurations[0].nodes[0].cpeMatch[0],5763D60E-A358-4D0A-BD7B-B01CC4CAD7C1,cpe:2.3:a:gnu:fileutils:4.0:*:*:*:*:*:*:*,1,,,,
CVE-2003-0854,$.configurations[0].nodes[0].cpeMatch[1],5B1309D6-E5D0-41FB-B7E0-2667EE34C796,cpe:2.3:a:gnu:fileutils:4.0.36:*:*:*:*:*:*:*,1,,,,
CVE-2003-0854,$.configurations[0].nodes[0].cpeMatch[24],7196CF2D-8CCC-454A-A2C1-6408A9D636C5,cpe:2.3:a:washington_university:wu-ftpd:2.6.1:*:*:*:*:*:*:*,1,,,,
CVE-2003-0854,$.configurations[0].nodes[0].cpeMatch[3],7E2FE284-B564-48C7-9DA4-31A6D9AD3E38,cpe:2.3:a:gnu:fileutils:4.1.6:*:*:*:*:*:*:*,1,,,,
CVE-2003-0854,$.configurations[0].nodes[0].cpeMatch[6],833542E5-B4E7-4995-95C9-E012AE13902D,cpe:2.3:a:washington_university:wu-ftpd:2.4.2_beta2:*:academ:*:*:*:*:*,1,,,,
CVE-2003-0854,$.configurations[0].nodes[0].cpeMatch[16],91C6388E-464B-4562-BC7B-7B4A66387B30,cpe:2.3:a:washington_university:wu-ftpd:2.4.2_beta18_vr12:*:*:*:*:*:*:*,1,,,,
CVE-2003-0854,$.configurations[0].nodes[0].cpeMatch[17],923B5711-853D-4A77-8FB3-D5C3D449518D,cpe:2.3:a:washington_university:wu-ftpd:2.4.2_beta18_vr13:*:*:*:*:*:*:*,1,,,,
CVE-2003-0854,$.configurations[0].nodes[0].cpeMatch[18],9BB1B136-F90E-426B-8010-F2D059E89DBE,cpe:2.3:a:washington_university:wu-ftpd:2.4.2_beta18_vr14:*:*:*:*:*:*:*,1,,,,
CVE-2003-0854,$.configurations[0].nodes[0].cpeMatch[8],B39D46C4-B153-4301-AE9C-57FB6BA64CD9,cpe:2.3:a:washington_university:wu-ftpd:2.4.2_beta18_vr4:*:*:*:*:*:*:*,1,,,,
CVE-2003-0854,$.configurations[0].nodes[0].cpeMatch[2],C2F6A8F0-396B-4484-9621-70FFC61BF4A8,cpe:2.3:a:gnu:fileutils:4.1:*:*:*:*:*:*:*,1,,,,
CVE-2003-0854,$.configurations[0].nodes[0].cpeMatch[23],C5E9B738-E8DF-4FE7-B4A5-91DE46A9CF8F,cpe:2.3:a:washington_university:wu-ftpd:2.6.0:*:*:*:*:*:*:*,1,,,,
CVE-2003-0854,$.configurations[0].nodes[0].cpeMatch[7],C63ACBE3-5BB2-483E-A5FE-87698E98354A,cpe:2.3:a:washington_university:wu-ftpd:2.4.2_beta18:*:academ:*:*:*:*:*,1,,,,
CVE-2003-0854,$.configurations[0].nodes[0].cpeMatch[21],CAD81A30-9C35-4EEA-B6FE-A4AC76893AC6,cpe:2.3:a:washington_university:wu-ftpd:2.4.2_vr17:*:*:*:*:*:*:*,1,,,,
CVE-2003-0854,$.configurations[0].nodes[0].cpeMatch[19],CD9EFCD7-2A13-420E-B6A0-C1248B2E6E2F,cpe:2.3:a:washington_university:wu-ftpd:2.4.2_beta18_vr15:*:*:*:*:*:*:*,1,,,,
CVE-2003-0854,$.configurations[0].nodes[0].cpeMatch[25],D851CEBD-4FE5-46D9-99BD-CA3F3235B2E6,cpe:2.3:a:washington_university:wu-ftpd:2.6.2:*:*:*:*:*:*:*,1,,,,
CVE-2003-0854,$.configurations[0].nodes[0].cpeMatch[9],E55582DD-DEF7-4BF8-950C-E7E58BD29DE5,cpe:2.3:a:washington_university:wu-ftpd:2.4.2_beta18_vr5:*:*:*:*:*:*:*,1,,,,
CVE-2003-0854,$.configurations[0].nodes[0].cpeMatch[4],F0049681-875E-4876-B2E4-519708F2BBBA,cpe:2.3:a:gnu:fileutils:4.1.7:*:*:*:*:*:*:*,1,,,,
CVE-2003-0854,$.configurations[0].nodes[0].cpeMatch[10],FF9B9132-19A1-4242-A129-E5A49F466EA2,cpe:2.3:a:washington_university:wu-ftpd:2.4.2_beta18_vr6:*:*:*:*:*:*:*,1,,,,
CVE-2003-0860,$.configurations[0].nodes[0].cpeMatch[16],069EB7EE-06B9-454F-9007-8DE5DCA33C53,cpe:2.3:a:php:php:4.1.2:*:*:*:*:*:*:*,1,,,,
CVE-2003-0860,$.configurations[0].nodes[0].cpeMatch[7],0F39A1B1-416E-4436-8007-733B66904A14,cpe:2.3:a:php:php:4.0.4:*:*:*:*:*:*:*,1,,,,
CVE-2003-0860,$.configurations[0].nodes[0].cpeMatch[4],13A159B4-B847-47DE-B7F8-89384E6C551B,cpe:2.3:a:php:php:4.0.2:*:*:*:*:*:*:*,1,,,,
CVE-2003-0860,$.configurations[0].nodes[0].cpeMatch[18],18BF5BE6-09EA-45AD-93BF-2BEF1742534E,cpe:2.3:a:php:php:4.2.0:*:*:*:*:*:*:*,1,,,,
CVE-2003-0860,$.configurations[0].nodes[0].cpeMatch[10],2D724D09-0D45-4701-93C9-348301217C8C,cpe:2.3:a:php:php:4.0.7:*:*:*:*:*:*:*,1,,,,
CVE-2003-0860,$.configurations[0].nodes[0].cpeMatch[3],37896E87-95C2-4039-8362-BC03B1C56706,cpe:2.3:a:php:php:4.0.1:patch2:*:*:*:*:*:*,1,,,,
CVE-2003-0860,$.configurations[0].nodes[0].cpeMatch[2],419867C6-37BE-43B4-BFE0-6325FEE3807D,cpe:2.3:a:php:php:4.0.1:patch1:*:*:*:*:*:*,1,,,,
CVE-2003-0860,$.configurations[0].nodes[0].cpeMatch[20],470380B0-3982-48FC-871B-C8B43C81900D,cpe:2.3:a:php:php:4.2.2:*:*:*:*:*:*:*,1,,,,
CVE-2003-0860,$.configurations[0].nodes[0].cpeMatch[24],4AAF4586-74FF-47C6-864B-656FDF3F33D0,cpe:2.3:a:php:php:4.3.2:*:*:*:*:*:*:*,1,,,,
CVE-2003-0860,$.configurations[0].nodes[0].cpeMatch[5],57B59616-A309-40B4-94B1-50A7BC00E35C,cpe:2.3:a:php:php:4.0.3:*:*:*:*:*:*:*,1,,,,
CVE-2003-0860,$.configurations[0].nodes[0].cpeMatch[22],63190D9B-7958-4B93-87C6-E7D5A572F6DC,cpe:2.3:a:php:php:4.3.0:*:*:*:*:*:*:*,1,,,,
CVE-2003-0860,$.configurations[0].nodes[0].cpeMatch[14],6713614A-B14E-4A85-BF89-ED780068FC68,cpe:2.3:a:php:php:4.1.0:*:*:*:*:*:*:*,1,,,,
CVE-2003-0860,$.configurations[0].nodes[0].cpeMatch[13],6E36203C-1392-49BB-AE7E-49626963D673,cpe:2.3:a:php:php:4.0.7:rc3:*:*:*:*:*:*,1,,,,
CVE-2003-0860,$.configurations[0].nodes[0].cpeMatch[1],78BAA18C-E5A0-4210-B64B-709BBFF31EEC,cpe:2.3:a:php:php:4.0.1:*:*:*:*:*:*:*,1,,,,
CVE-2003-0860,$.configurations[0].nodes[0].cpeMatch[23],7AB2E2E8-81D6-4973-AC0F-AA644EE99DD3,cpe:2.3:a:php:php:4.3.1:*:*:*:*:*:*:*,1,,,,
CVE-2003-0860,$.configurations[0].nodes[0].cpeMatch[6],8667FBC6-04B6-40E5-93B3-6C22BEED4B26,cpe:2.3:a:php:php:4.0.3:patch1:*:*:*:*:*:*,1,,,,
CVE-2003-0860,$.configurations[0].nodes[0].cpeMatch[21],9FAA7712-10F0-4BB6-BAFB-D0806AFD9DE2,cpe:2.3:a:php:php:4.2.3:*:*:*:*:*:*:*,1,,,,
CVE-2003-0860,$.configurations[0].nodes[0].cpeMatch[12],AE1A4DA6-6181-43A8-B0D8-5A016C3E75FF,cpe:2.3:a:php:php:4.0.7:rc2:*:*:*:*:*:*,1,,,,
CVE-2003-0860,$.configurations[0].nodes[0].cpeMatch[17],BBA861A2-F0CD-4DBB-B43A-4970EB114DA5,cpe:2.3:a:php:php:4.2:*:dev:*:*:*:*:*,1,,,,
CVE-2003-0860,$.configurations[0].nodes[0].cpeMatch[8],DD5FC218-3DDB-4981-81C9-6C69F8DA6F4D,cpe:2.3:a:php:php:4.0.5:*:*:*:*:*:*:*,1,,,,
CVE-2003-0860,$.configurations[0].nodes[0].cpeMatch[19],EC1460DF-1687-4314-BF1A-01290B20302D,cpe:2.3:a:php:php:4.2.1:*:*:*:*:*:*:*,1,,,,
CVE-2003-0860,$.configurations[0].nodes[0].cpeMatch[0],EDBEC461-D553-41B7-8D85-20B6A933C21C,cpe:2.3:a:php:php:4.0:*:*:*:*:*:*:*,1,,,,
CVE-2003-0860,$.configurations[0].nodes[0].cpeMatch[9],FC2E5F96-66D2-4F99-A74D-6A2305EE218E,cpe:2.3:a:php:php:4.0.6:*:*:*:*:*:*:*,1,,,,
CVE-2003-0860,$.configurations[0].nodes[0].cpeMatch[11],FC6A6F47-5C7C-4F82-B23B-9C959C69B27F,cpe:2.3:a:php:php:4.0.7:rc1:*:*:*:*:*:*,1,,,,
CVE-2003-0860,$.configurations[0].nodes[0].cpeMatch[15],FD95F8EB-B428-4B3C-9254-A5DECE03A989,cpe:2.3:a:php:php:4.1.1:*:*:*:*:*:*:*,1,,,,
CVE-2003-0861,$.configurations[0].nodes[0].cpeMatch[16],069EB7EE-06B9-454F-9007-8DE5DCA33C53,cpe:2.3:a:php:php:4.1.2:*:*:*:*:*:*:*,1,,,,
CVE-2003-0861,$.configurations[0].nodes[0].cpeMatch[7],0F39A1B1-416E-4436-8007-733B66904A14,cpe:2.3:a:php:php:4.0.4:*:*:*:*:*:*:*,1,,,,
CVE-2003-0861,$.configurations[0].nodes[0].cpeMatch[4],13A159B4-B847-47DE-B7F8-89384E6C551B,cpe:2.3:a:php:php:4.0.2:*:*:*:*:*:*:*,1,,,,
CVE-2003-0861,$.configurations[0].nodes[0].cpeMatch[18],18BF5BE6-09EA-45AD-93BF-2BEF1742534E,cpe:2.3:a:php:php:4.2.0:*:*:*:*:*:*:*,1,,,,
CVE-2003-0861,$.configurations[0].nodes[0].cpeMatch[10],2D724D09-0D45-4701-93C9-348301217C8C,cpe:2.3:a:php:php:4.0.7:*:*:*:*:*:*:*,1,,,,
CVE-2003-0861,$.configurations[0].nodes[0].cpeMatch[3],37896E87-95C2-4039-8362-BC03B1C56706,cpe:2.3:a:php:php:4.0.1:patch2:*:*:*:*:*:*,1,,,,
CVE-2003-0861,$.configurations[0].nodes[0].cpeMatch[2],419867C6-37BE-43B4-BFE0-6325FEE3807D,cpe:2.3:a:php:php:4.0.1:patch1:*:*:*:*:*:*,1,,,,
CVE-2003-0861,$.configurations[0].nodes[0].cpeMatch[20],470380B0-3982-48FC-871B-C8B43C81900D,cpe:2.3:a:php:php:4.2.2:*:*:*:*:*:*:*,1,,,,
CVE-2003-0861,$.configurations[0].nodes[0].cpeMatch[24],4AAF4586-74FF-47C6-864B-656FDF3F33D0,cpe:2.3:a:php:php:4.3.2:*:*:*:*:*:*:*,1,,,,
CVE-2003-0861,$.configurations[0].nodes[0].cpeMatch[5],57B59616-A309-40B4-94B1-50A7BC00E35C,cpe:2.3:a:php:php:4.0.3:*:*:*:*:*:*:*,1,,,,
CVE-2003-0861,$.configurations[0].nodes[0].cpeMatch[22],63190D9B-7958-4B93-87C6-E7D5A572F6DC,cpe:2.3:a:php:php:4.3.0:*:*:*:*:*:*:*,1,,,,
CVE-2003-0861,$.configurations[0].nodes[0].cpeMatch[14],6713614A-B14E-4A85-BF89-ED780068FC68,cpe:2.3:a:php:php:4.1.0:*:*:*:*:*:*:*,1,,,,
CVE-2003-0861,$.configurations[0].nodes[0].cpeMatch[13],6E36203C-1392-49BB-AE7E-49626963D673,cpe:2.3:a:php:php:4.0.7:rc3:*:*:*:*:*:*,1,,,,
CVE-2003-0861,$.configurations[0].nodes[0].cpeMatch[1],78BAA18C-E5A0-4210-B64B-709BBFF31EEC,cpe:2.3:a:php:php:4.0.1:*:*:*:*:*:*:*,1,,,,
CVE-2003-0861,$.configurations[0].nodes[0].cpeMatch[23],7AB2E2E8-81D6-4973-AC0F-AA644EE99DD3,cpe:2.3:a:php:php:4.3.1:*:*:*:*:*:*:*,1,,,,
CVE-2003-0861,$.configurations[0].nodes[0].cpeMatch[6],8667FBC6-04B6-40E5-93B3-6C22BEED4B26,cpe:2.3:a:php:php:4.0.3:patch1:*:*:*:*:*:*,1,,,,
CVE-2003-0861,$.configurations[0].nodes[0].cpeMatch[21],9FAA7712-10F0-4BB6-BAFB-D0806AFD9DE2,cpe:2.3:a:php:php:4.2.3:*:*:*:*:*:*:*,1,,,,
CVE-2003-0861,$.configurations[0].nodes[0].cpeMatch[12],AE1A4DA6-6181-43A8-B0D8-5A016C3E75FF,cpe:2.3:a:php:php:4.0.7:rc2:*:*:*:*:*:*,1,,,,
CVE-2003-0861,$.configurations[0].nodes[0].cpeMatch[17],BBA861A2-F0CD-4DBB-B43A-4970EB114DA5,cpe:2.3:a:php:php:4.2:*:dev:*:*:*:*:*,1,,,,
CVE-2003-0861,$.configurations[0].nodes[0].cpeMatch[8],DD5FC218-3DDB-4981-81C9-6C69F8DA6F4D,cpe:2.3:a:php:php:4.0.5:*:*:*:*:*:*:*,1,,,,
CVE-2003-0861,$.configurations[0].nodes[0].cpeMatch[19],EC1460DF-1687-4314-BF1A-01290B20302D,cpe:2.3:a:php:php:4.2.1:*:*:*:*:*:*:*,1,,,,
CVE-2003-0861,$.configurations[0].nodes[0].cpeMatch[0],EDBEC461-D553-41B7-8D85-20B6A933C21C,cpe:2.3:a:php:php:4.0:*:*:*:*:*:*:*,1,,,,
CVE-2003-0861,$.configurations[0].nodes[0].cpeMatch[9],FC2E5F96-66D2-4F99-A74D-6A2305EE218E,cpe:2.3:a:php:php:4.0.6:*:*:*:*:*:*:*,1,,,,
CVE-2003-0861,$.configurations[0].nodes[0].cpeMatch[11],FC6A6F47-5C7C-4F82-B23B-9C959C69B27F,cpe:2.3:a:php:php:4.0.7:rc1:*:*:*:*:*:*,1,,,,
CVE-2003-0861,$.configurations[0].nodes[0].cpeMatch[15],FD95F8EB-B428-4B3C-9254-A5DECE03A989,cpe:2.3:a:php:php:4.1.1:*:*:*:*:*:*:*,1,,,,
CVE-2003-0863,$.configurations[0].nodes[0].cpeMatch[2],4AAF4586-74FF-47C6-864B-656FDF3F33D0,cpe:2.3:a:php:php:4.3.2:*:*:*:*:*:*:*,1,,,,
CVE-2003-0863,$.configurations[0].nodes[0].cpeMatch[0],63190D9B-7958-4B93-87C6-E7D5A572F6DC,cpe:2.3:a:php:php:4.3.0:*:*:*:*:*:*:*,1,,,,
CVE-2003-0863,$.configurations[0].nodes[0].cpeMatch[1],7AB2E2E8-81D6-4973-AC0F-AA644EE99DD3,cpe:2.3:a:php:php:4.3.1:*:*:*:*:*:*:*,1,,,,
CVE-2003-0864,$.configurations[0].nodes[0].cpeMatch[0],426DDDE1-593C-4D8A-80E1-7B2091FC5C09,cpe:2.3:a:ircnet:ircnet_ircd:2.10:*:*:*:*:*:*:*,1,,,,
CVE-2003-0864,$.configurations[0].nodes[0].cpeMatch[1],8CEA7D8B-1F0D-44A7-BA80-2BB4D99DC311,cpe:2.3:a:ircnet:ircnet_ircd:2.10.3_p3:*:*:*:*:*:*:*,1,,,,
CVE-2003-0865,$.configurations[0].nodes[0].cpeMatch[1],1144518D-4069-4903-9B45-56C0E97BC992,cpe:2.3:a:mpg123:mpg123:0.59s:*:*:*:*:*:*:*,1,,,,
CVE-2003-0865,$.configurations[0].nodes[0].cpeMatch[0],1F8EEF7E-C6BB-4669-81D2-68AABF8A7686,cpe:2.3:a:mpg123:mpg123:0.59r:*:*:*:*:*:*:*,1,,,,
CVE-2003-0866,$.configurations[0].nodes[0].cpeMatch[3],0BFE5AD8-DB14-4632-9D2A-F2013579CA7D,cpe:2.3:a:apache:tomcat:4.0.3:*:*:*:*:*:*:*,1,,,,
CVE-2003-0866,$.configurations[0].nodes[0].cpeMatch[2],401A213A-FED3-49C0-B823-2E02EA528905,cpe:2.3:a:apache:tomcat:4.0.2:*:*:*:*:*:*:*,1,,,,
CVE-2003-0866,$.configurations[0].nodes[0].cpeMatch[4],7641278D-3B8B-4CD2-B284-2047B65514A2,cpe:2.3:a:apache:tomcat:4.0.4:*:*:*:*:*:*:*,1,,,,
CVE-2003-0866,$.configurations[0].nodes[0].cpeMatch[1],81FB1106-B26D-45BE-A511-8E69131BBA52,cpe:2.3:a:apache:tomcat:4.0.1:*:*:*:*:*:*:*,1,,,,
CVE-2003-0866,$.configurations[0].nodes[0].cpeMatch[0],914E1404-01A2-4F94-AA40-D5EA20F55AD3,cpe:2.3:a:apache:tomcat:4.0.0:*:*:*:*:*:*:*,1,,,,
CVE-2003-0866,$.configurations[0].nodes[0].cpeMatch[5],BB7B9911-E836-4A96-A0E8-D13C957EC0EE,cpe:2.3:a:apache:tomcat:4.0.5:*:*:*:*:*:*:*,1,,,,
CVE-2003-0866,$.configurations[0].nodes[0].cpeMatch[6],D2341C51-A239-4A4A-B0DC-30F18175442C,cpe:2.3:a:apache:tomcat:4.0.6:*:*:*:*:*:*:*,1,,,,
CVE-2003-0870,$.configurations[0].nodes[0].cpeMatch[1],6BE50982-8026-466C-9F51-867425C9986F,cpe:2.3:a:opera:opera_browser:7.20:*:*:*:*:*:*:*,1,,,,
CVE-2003-0870,$.configurations[0].nodes[0].cpeMatch[0],CC690371-3326-421E-8BAC-14F48840671B,cpe:2.3:a:opera:opera_browser:7.11:*:*:*:*:*:*:*,1,,,,
CVE-2003-0872,$.configurations[0].nodes[0].cpeMatch[0],B8BA72B4-C4AF-41C6-92ED-30B286E00EF5,cpe:2.3:o:sco:openserver:5.0.5:*:*:*:*:*:*:*,1,,,,
CVE-2003-0874,$.configurations[0].nodes[0].cpeMatch[0],A26AE575-32A3-42AB-ACF1-05637CAEB54A,cpe:2.3:a:deskpro:deskpro:1.1_.0:*:*:*:*:*:*:*,1,,,,
CVE-2003-0875,$.configurations[0].nodes[0].cpeMatch[0],75052621-7AD2-4EDC-A4E8-952D156B7EA5,cpe:2.3:a:openslp:openslp:*:*:*:*:*:*:*:*,1,,,1.0.11,
CVE-2003-0894,$.configurations[0].nodes[0].cpeMatch[0],2201796B-013B-4440-B366-1F2966AA86FF,cpe:2.3:a:oracle:oracle9i:enterprise_9.0.1:*:*:*:*:*:*:*,1,,,,
CVE-2003-0894,$.configurations[0].nodes[0].cpeMatch[8],2FB2708A-58D1-4F17-8504-3748D6667788,cpe:2.3:a:oracle:oracle9i:standard_9.0.1.4:*:*:*:*:*:*:*,1,,,,
CVE-2003-0894,$.configurations[0].nodes[0].cpeMatch[1],2FB739C3-A9BD-433F-8547-12BC615DB18D,cpe:2.3:a:oracle:oracle9i:enterprise_9.2.0.4:*:*:*:*:*:*:*,1,,,,
CVE-2003-0894,$.configurations[0].nodes[0].cpeMatch[9],34FC1E19-8F20-4215-8D90-E42EF7126BD9,cpe:2.3:a:oracle:oracle9i:standard_9.0.2:*:*:*:*:*:*:*,1,,,,
CVE-2003-0894,$.configurations[0].nodes[0].cpeMatch[5],3EE7A2B1-A161-4A20-9EEC-B1EF7F2E387C,cpe:2.3:a:oracle:oracle9i:standard_9.0.1:*:*:*:*:*:*:*,1,,,,
CVE-2003-0894,$.configurations[0].nodes[0].cpeMatch[2],58DB0B6B-EB97-448A-B63E-E5997382DD45,cpe:2.3:a:oracle:oracle9i:personal_9.0.1:*:*:*:*:*:*:*,1,,,,
CVE-2003-0894,$.configurations[0].nodes[0].cpeMatch[4],6E46FE2E-CA1A-4970-81FF-0BFFF2CF6849,cpe:2.3:a:oracle:oracle9i:standard_9.0:*:*:*:*:*:*:*,1,,,,
CVE-2003-0894,$.configurations[0].nodes[0].cpeMatch[10],7F64908D-FDAA-499B-8060-8A6EC2443418,cpe:2.3:a:oracle:oracle9i:standard_9.2.0.4:*:*:*:*:*:*:*,1,,,,
CVE-2003-0894,$.configurations[0].nodes[0].cpeMatch[3],D0DE0FB4-3C1A-460D-B48E-11D7AF415A94,cpe:2.3:a:oracle:oracle9i:personal_9.2.0.4:*:*:*:*:*:*:*,1,,,,
CVE-2003-0894,$.configurations[0].nodes[0].cpeMatch[6],D65D66A0-23F7-4110-AF71-05CBFB3F92F3,cpe:2.3:a:oracle:oracle9i:standard_9.0.1.2:*:*:*:*:*:*:*,1,,,,
CVE-2003-0894,$.configurations[0].nodes[0].cpeMatch[7],F207CBC6-D186-418D-8F11-3E623530E00B,cpe:2.3:a:oracle:oracle9i:standard_9.0.1.3:*:*:*:*:*:*:*,1,,,,
CVE-2003-0896,$.configurations[0].nodes[0].cpeMatch[0],B86E994F-ACB5-40C7-A9AF-E0A938C3A3D3,cpe:2.3:a:sun:jre:*:update3:*:*:*:*:*:*,1,,,1.4.1,
CVE-2003-0897,$.configurations[0].nodes[0].cpeMatch[0],580B0C9B-DD85-40FA-9D37-BAC0C96D57FC,cpe:2.3:o:microsoft:windows_xp:*:gold:*:*:*:*:*:*,1,,,,
CVE-2003-0898,$.configurations[0].nodes[0].cpeMatch[1],56D0096E-8145-4A36-BC18-A9C5C780D1A3,cpe:2.3:a:ibm:db2_universal_database:7.1:*:linux:*:*:*:*:*,1,,,,
CVE-2003-0898,$.configurations[0].nodes[0].cpeMatch[0],C9D34F7A-C72B-463A-8351-E679980CD7BC,cpe:2.3:a:ibm:db2_universal_database:*:*:linux:*:*:*:*:*,1,,,8.0,
