drug1,drug2,classes,source_line,mechanism,source_file_id
D00326,D00785,CI,1,Enzyme: CYP2D6 / CYP inhibition: CYP2D6,d0044
D00326,D00824,P,2,Enzyme: CYP2D6 / Target: SLC6A4 / CYP inhibition: CYP2D6,d0044
D00326,D02260,P,3,Enzyme: CYP2D6 / Target: SLC6A4 / CYP inhibition: CYP2D6,d0044
D00326,D02562,CI,4,unclassified,d0044
D00326,D02567,P,5,Enzyme: CYP2D6 / Target: SLC6A4 / CYP inhibition: CYP2C19 CYP2D6,d0044
D00326,D03731,CI,6,Enzyme: CYP2D6 / CYP inhibition: CYP2D6,d0044
D00326,D05374,P,7,Enzyme: CYP2D6 / Target: SLC6A4 / CYP inhibition: CYP2D6,d0044
D00326,D05375,P,8,Enzyme: CYP2D6 / Target: SLC6A4 / CYP inhibition: CYP2D6,d0044
D00326,D10191,CI,9,unclassified,d0044
D00346,D00785,CI,10,unclassified,d0044
D00346,D00824,CI,11,unclassified,d0044
D00346,D00825,CI,12,unclassified,d0044
D00346,D01501,P,13,unclassified,d0044
D00346,D02002,P,14,unclassified,d0044
D00346,D02260,CI,15,unclassified,d0044
D00346,D02562,CI,16,unclassified,d0044
D00346,D02564,P,17,unclassified,d0044
D00346,D02567,CI,18,unclassified,d0044
D00346,D03731,CI,19,unclassified,d0044
D00346,D05374,CI,20,unclassified,d0044
D00346,D05375,CI,21,unclassified,d0044
D00346,D08453,P,22,unclassified,d0044
D00346,D09773,P,23,unclassified,d0044
D00346,D10191,CI,24,unclassified,d0044
D00505,D00785,CI,25,Target: MAOB,d0044
D00505,D00824,CI,26,unclassified,d0044
D00505,D00825,CI,27,unclassified,d0044
D00505,D02260,CI,28,unclassified,d0044
D00505,D02562,CI,29,Target: MAOB,d0044
D00505,D02567,CI,30,unclassified,d0044
D00505,D03731,CI,31,Target: MAOB,d0044
D00505,D05374,CI,32,unclassified,d0044
D00505,D05375,CI,33,unclassified,d0044
D00505,D10191,CI,34,Target: MAOB / Enzyme-Target: MAOA,d0044
D00785,D00326,CI,35,Enzyme: CYP2D6 / CYP inhibition: CYP2D6,d0044
D00785,D00346,CI,36,unclassified,d0044
D00785,D00505,CI,37,Target: MAOB,d0044
D00785,D00822,CI,38,Enzyme: CYP2D6 CYP3A4,d0044
D00785,D00823,CI,39,Enzyme: CYP2D6 / CYP inhibition: CYP2D6,d0044
D00785,D00824,CI,40,Enzyme: CYP2D6 / CYP inhibition: CYP2D6 CYP3A4,d0044
D00785,D00825,CI,41,Enzyme: CYP2B6 CYP3A4,d0044
D00785,D00826,CI,42,Target: MAOB,d0044
D00785,D01097,CI,43,Target: MAOB,d0044
D00785,D01501,CI,44,unclassified,d0044
D00785,D01888,CI,45,Target: MAOB,d0044
D00785,D02002,CI,46,unclassified,d0044
D00785,D02260,CI,47,Enzyme: CYP2D6 / CYP inhibition: CYP2D6,d0044
D00785,D02360,CI,48,Enzyme: CYP2B6 CYP3A4,d0044
D00785,D02362,CI,49,Enzyme: CYP2D6 / CYP inhibition: CYP2D6,d0044
D00785,D02559,CI,50,unclassified,d0044
D00785,D02560,CI,51,unclassified,d0044
D00785,D02561,CI,52,CYP inhibition: CYP2D6,d0044
D00785,D02562,CI,53,Target: MAOB,d0044
D00785,D02563,CI,54,unclassified,d0044
D00785,D02564,CI,55,Target: MAOB,d0044
D00785,D02567,CI,56,Enzyme: CYP2D6 CYP3A4 / CYP inhibition: CYP2D6,d0044
D00785,D02579,CI,57,Target: MAOB,d0044
D00785,D02580,CI,58,Target: MAOB,d0044
D00785,D02581,CI,59,unclassified,d0044
D00785,D02787,CI,60,unclassified,d0044
D00785,D03239,CI,61,Target: MAOB,d0044
D00785,D03248,CI,62,unclassified,d0044
D00785,D03409,CI,63,Target: MAOB,d0044
D00785,D03649,CI,64,unclassified,d0044
D00785,D03731,CI,65,Enzyme: CYP2B6 CYP2D6 CYP3A4 / Target: MAOB,d0044
D00785,D03733,CI,66,Target: MAOB,d0044
D00785,D04092,CI,67,Target: MAOB,d0044
D00785,D04105,CI,68,unclassified,d0044
D00785,D04681,CI,69,Target: MAOB,d0044
D00785,D05033,CI,70,Target: MAOB,d0044
D00785,D05039,CI,71,Enzyme: CYP2D6,d0044
D00785,D05040,CI,72,Enzyme: CYP2D6,d0044
D00785,D05374,CI,73,Enzyme: CYP2D6 / CYP inhibition: CYP2D6,d0044
D00785,D05375,CI,74,Enzyme: CYP2D6 / CYP inhibition: CYP2D6,d0044
D00785,D05491,CI,75,unclassified,d0044
D00785,D06367,CI,76,unclassified,d0044
D00785,D07337,CI,77,Target: MAOB,d0044
D00785,D07338,CI,78,Target: MAOB,d0044
D00785,D07704,CI,79,Enzyme: CYP2D6 CYP3A4,d0044
D00785,D07705,CI,80,Enzyme: CYP2D6 CYP3A4,d0044
D00785,D07913,CI,81,Enzyme: CYP2D6 CYP3A4 / CYP inhibition: CYP2D6,d0044
D00785,D07984,CI,82,Enzyme: CYP2D6 / CYP inhibition: CYP2D6 CYP3A4,d0044
D00785,D08085,CI,83,Target: MAOB,d0044
D00785,D08349,CI,84,Target: MAOB,d0044
D00785,D08392,CI,85,unclassified,d0044
D00785,D08393,CI,86,unclassified,d0044
D00785,D08453,CI,87,Target: MAOB,d0044
D00785,D08469,CI,88,Target: MAOB,d0044
D00785,D08625,CI,89,Target: MAOB,d0044
D00785,D09773,CI,90,unclassified,d0044
D00785,D10158,CI,91,Target: MAOB,d0044
D00785,D10191,CI,92,Target: MAOB,d0044
D00785,D10829,CI,93,Target: MAOB,d0044
D00822,D00785,CI,94,Enzyme: CYP2D6 CYP3A4,d0044
D00822,D00824,P,95,Enzyme: CYP2D6 / Target: SLC6A4 / CYP inhibition: CYP2D6 CYP3A4,d0044
D00822,D02260,P,96,Enzyme: CYP2D6 / Target: SLC6A4 / CYP inhibition: CYP2D6,d0044
D00822,D02562,CI,97,unclassified,d0044
D00822,D02567,P,98,Enzyme: CYP3A4 CYP2D6 / Target: SLC6A4 / CYP inhibition: CYP2C19 CYP2D6,d0044
D00822,D03731,CI,99,Enzyme: CYP2D6 CYP3A4,d0044
D00822,D05374,P,100,Enzyme: CYP2D6 / Target: SLC6A4 / CYP inhibition: CYP2D6,d0044
D00822,D05375,P,101,Enzyme: CYP2D6 / Target: SLC6A4 / CYP inhibition: CYP2D6,d0044
D00822,D10191,CI,102,unclassified,d0044
D00823,D00785,CI,103,Enzyme: CYP2D6 / CYP inhibition: CYP2D6,d0044
D00823,D00824,P,104,Enzyme: CYP2D6 / Target: SLC6A4 / CYP inhibition: CYP2D6,d0044
D00823,D02260,P,105,Enzyme: CYP2D6 / Target: SLC6A4 / CYP inhibition: CYP2D6,d0044
D00823,D02562,CI,106,unclassified,d0044
D00823,D02567,P,107,Enzyme: CYP2D6 / Target: SLC6A4 / CYP inhibition: CYP2C19 CYP2D6,d0044
D00823,D03731,CI,108,Enzyme: CYP2D6 / CYP inhibition: CYP2D6,d0044
D00823,D05374,P,109,Enzyme: CYP2D6 / Target: SLC6A4 / CYP inhibition: CYP2D6,d0044
D00823,D05375,P,110,Enzyme: CYP2D6 / Target: SLC6A4 / CYP inhibition: CYP2D6,d0044
D00823,D10191,CI,111,unclassified,d0044
D00824,D00326,P,112,Enzyme: CYP2D6 / Target: SLC6A4 / CYP inhibition: CYP2D6,d0044
D00824,D00346,CI,113,unclassified,d0044
D00824,D00505,CI,114,unclassified,d0044
D00824,D00785,CI,115,Enzyme: CYP2D6 / CYP inhibition: CYP2D6 CYP3A4,d0044
D00824,D00822,P,116,Enzyme: CYP2D6 / Target: SLC6A4 / CYP inhibition: CYP2D6 CYP3A4,d0044
D00824,D00823,P,117,Enzyme: CYP2D6 / Target: SLC6A4 / CYP inhibition: CYP2D6,d0044
D00824,D00825,P,118,Target: SLC6A4 / CYP inhibition: CYP2C19 CYP3A4,d0044
D00824,D00826,CI,119,unclassified,d0044
D00824,D01097,CI,120,unclassified,d0044
D00824,D01501,CI,121,unclassified,d0044
D00824,D01888,CI,122,unclassified,d0044
D00824,D02002,CI,123,unclassified,d0044
D00824,D02260,P,124,Enzyme: CYP2D6 / Target: SLC6A4 / CYP inhibition: CYP2D6,d0044
D00824,D02360,P,125,Target: SLC6A4 / CYP inhibition: CYP2C19 CYP3A4,d0044
D00824,D02362,P,126,Enzyme: CYP2D6 / Target: SLC6A4 / CYP inhibition: CYP2D6,d0044
D00824,D02559,CI,127,unclassified,d0044
D00824,D02560,CI,128,unclassified,d0044
D00824,D02561,CI,129,CYP inhibition: CYP2C19 CYP2D6,d0044
D00824,D02562,"CI,P",130,CYP inhibition: CYP1A2,d0044
D00824,D02563,CI,131,unclassified,d0044
D00824,D02564,CI,132,unclassified,d0044
D00824,D02567,P,133,Enzyme: CYP2D6 / Target: SLC6A4 / CYP inhibition: CYP2C19 CYP2D6 CYP3A4,d0044
D00824,D02579,CI,134,unclassified,d0044
D00824,D02580,CI,135,unclassified,d0044
D00824,D02581,CI,136,unclassified,d0044
D00824,D02787,P,137,Target: SLC6A4,d0044
D00824,D03239,CI,138,unclassified,d0044
D00824,D03248,CI,139,unclassified,d0044
D00824,D03409,CI,140,unclassified,d0044
D00824,D03649,P,141,Target: SLC6A4,d0044
D00824,D03731,CI,142,Enzyme: CYP2D6 / CYP inhibition: CYP2D6 CYP3A4,d0044
D00824,D03733,CI,143,unclassified,d0044
D00824,D04092,CI,144,unclassified,d0044
D00824,D04105,P,145,unclassified,d0044
D00824,D04681,CI,146,unclassified,d0044
D00824,D05033,CI,147,unclassified,d0044
D00824,D05039,CI,148,Enzyme: CYP2D6 / CYP inhibition: CYP2D6,d0044
D00824,D05040,CI,149,Enzyme: CYP2D6 / CYP inhibition: CYP2D6,d0044
D00824,D05374,P,150,Enzyme: CYP2D6 / Target: SLC6A4 / CYP inhibition: CYP2D6,d0044
D00824,D05375,P,151,Enzyme: CYP2D6 / Target: SLC6A4 / CYP inhibition: CYP2D6,d0044
D00824,D05491,P,152,Target: SLC6A4,d0044
D00824,D06367,P,153,unclassified,d0044
D00824,D07337,CI,154,unclassified,d0044
D00824,D07338,CI,155,unclassified,d0044
D00824,D07704,P,156,Enzyme: CYP2D6 / Target: SLC6A4 / CYP inhibition: CYP2D6 CYP3A4,d0044
D00824,D07705,P,157,Enzyme: CYP2D6 / Target: SLC6A4 / CYP inhibition: CYP2D6 CYP3A4,d0044
D00824,D07913,P,158,Enzyme: CYP2D6 / Target: SLC6A4 / CYP inhibition: CYP2C19 CYP2D6 CYP3A4,d0044
D00824,D07984,P,159,Enzyme: CYP2D6 / Target: SLC6A4 / CYP inhibition: CYP2D6,d0044
D00824,D08085,CI,160,unclassified,d0044
D00824,D08349,CI,161,unclassified,d0044
D00824,D08392,CI,162,unclassified,d0044
D00824,D08393,CI,163,unclassified,d0044
D00824,D08453,CI,164,unclassified,d0044
D00824,D08469,CI,165,CYP inhibition: CYP1A2,d0044
D00824,D08625,CI,166,unclassified,d0044
D00824,D09773,CI,167,unclassified,d0044
D00824,D10158,CI,168,unclassified,d0044
D00824,D10191,CI,169,unclassified,d0044
D00824,D10829,CI,170,CYP inhibition: CYP1A2,d0044
D00825,D00346,CI,171,unclassified,d0044
D00825,D00505,CI,172,unclassified,d0044
D00825,D00785,CI,173,Enzyme: CYP2B6 CYP3A4,d0044
D00825,D00824,P,174,Target: SLC6A4 / CYP inhibition: CYP2C19 CYP3A4,d0044
D00825,D00826,CI,175,unclassified,d0044
D00825,D01097,CI,176,unclassified,d0044
D00825,D01501,CI,177,unclassified,d0044
D00825,D01888,CI,178,unclassified,d0044
D00825,D02002,CI,179,unclassified,d0044
D00825,D02260,P,180,Target: SLC6A4,d0044
D00825,D02559,CI,181,unclassified,d0044
D00825,D02560,CI,182,unclassified,d0044
D00825,D02561,CI,183,Enzyme: CYP2C19 / CYP inhibition: CYP2C19,d0044
D00825,D02562,CI,184,unclassified,d0044
D00825,D02563,CI,185,unclassified,d0044
D00825,D02564,CI,186,unclassified,d0044
D00825,D02567,P,187,Enzyme: CYP2C19 CYP3A4 / Target: SLC6A4,d0044
D00825,D02579,CI,188,unclassified,d0044
D00825,D02580,CI,189,unclassified,d0044
D00825,D02581,CI,190,unclassified,d0044
D00825,D03239,CI,191,unclassified,d0044
D00825,D03248,CI,192,unclassified,d0044
D00825,D03409,CI,193,unclassified,d0044
D00825,D03731,CI,194,Enzyme: CYP2B6 CYP3A4,d0044
D00825,D03733,CI,195,unclassified,d0044
D00825,D04092,CI,196,unclassified,d0044
D00825,D04681,CI,197,unclassified,d0044
D00825,D05033,CI,198,unclassified,d0044
D00825,D05039,CI,199,unclassified,d0044
D00825,D05040,CI,200,unclassified,d0044
D00825,D05374,P,201,Target: SLC6A4,d0044
D00825,D05375,P,202,Target: SLC6A4,d0044
D00825,D07337,CI,203,unclassified,d0044
D00825,D07338,CI,204,unclassified,d0044
D00825,D08085,CI,205,unclassified,d0044
D00825,D08349,CI,206,unclassified,d0044
D00825,D08392,CI,207,unclassified,d0044
D00825,D08393,CI,208,unclassified,d0044
D00825,D08453,CI,209,unclassified,d0044
D00825,D08469,CI,210,unclassified,d0044
D00825,D08625,CI,211,unclassified,d0044
D00825,D09773,CI,212,unclassified,d0044
D00825,D10158,CI,213,unclassified,d0044
D00825,D10191,CI,214,unclassified,d0044
D00825,D10829,CI,215,unclassified,d0044
D00826,D00785,CI,216,Target: MAOB,d0044
D00826,D00824,CI,217,unclassified,d0044
D00826,D00825,CI,218,unclassified,d0044
D00826,D02260,CI,219,unclassified,d0044
D00826,D02562,CI,220,Target: MAOB,d0044
D00826,D02567,CI,221,unclassified,d0044
D00826,D03731,CI,222,Target: MAOB,d0044
D00826,D05374,CI,223,unclassified,d0044
D00826,D05375,CI,224,unclassified,d0044
D00826,D10191,CI,225,Target: MAOB / Enzyme-Target: MAOA,d0044
D01097,D00785,CI,226,Target: MAOB,d0044
D01097,D00824,CI,227,unclassified,d0044
D01097,D00825,CI,228,unclassified,d0044
D01097,D02260,CI,229,unclassified,d0044
D01097,D02562,CI,230,Target: MAOB,d0044
D01097,D02567,CI,231,unclassified,d0044
D01097,D03731,CI,232,Target: MAOB,d0044
D01097,D05374,CI,233,unclassified,d0044
D01097,D05375,CI,234,unclassified,d0044
D01097,D10191,CI,235,Target: MAOB,d0044
D01501,D00346,P,236,unclassified,d0044
D01501,D00785,CI,237,unclassified,d0044
D01501,D00824,CI,238,unclassified,d0044
D01501,D00825,CI,239,unclassified,d0044
D01501,D02260,CI,240,unclassified,d0044
D01501,D02562,CI,241,unclassified,d0044
D01501,D02567,CI,242,unclassified,d0044
D01501,D03731,CI,243,unclassified,d0044
D01501,D05374,CI,244,unclassified,d0044
D01501,D05375,CI,245,unclassified,d0044
D01501,D10191,CI,246,unclassified,d0044
D01888,D00785,CI,247,Target: MAOB,d0044
D01888,D00824,CI,248,unclassified,d0044
D01888,D00825,CI,249,unclassified,d0044
D01888,D02260,CI,250,unclassified,d0044
D01888,D02562,CI,251,Target: MAOB,d0044
D01888,D02567,CI,252,unclassified,d0044
D01888,D03731,CI,253,Target: MAOB,d0044
D01888,D05374,CI,254,unclassified,d0044
D01888,D05375,CI,255,unclassified,d0044
D01888,D10191,CI,256,Target: MAOB / Enzyme-Target: MAOA,d0044
D02002,D00346,P,257,unclassified,d0044
D02002,D00785,CI,258,unclassified,d0044
D02002,D00824,CI,259,unclassified,d0044
D02002,D00825,CI,260,unclassified,d0044
D02002,D02260,CI,261,unclassified,d0044
D02002,D02562,CI,262,unclassified,d0044
D02002,D02567,CI,263,unclassified,d0044
D02002,D03731,CI,264,unclassified,d0044
D02002,D05374,CI,265,unclassified,d0044
D02002,D05375,CI,266,unclassified,d0044
D02002,D10191,CI,267,unclassified,d0044
D02260,D00326,P,268,Enzyme: CYP2D6 / Target: SLC6A4 / CYP inhibition: CYP2D6,d0044
D02260,D00346,CI,269,unclassified,d0044
D02260,D00505,CI,270,unclassified,d0044
D02260,D00785,CI,271,Enzyme: CYP2D6 / CYP inhibition: CYP2D6,d0044
D02260,D00822,P,272,Enzyme: CYP2D6 / Target: SLC6A4 / CYP inhibition: CYP2D6,d0044
D02260,D00823,P,273,Enzyme: CYP2D6 / Target: SLC6A4 / CYP inhibition: CYP2D6,d0044
D02260,D00824,P,274,Enzyme: CYP2D6 / Target: SLC6A4 / CYP inhibition: CYP2D6,d0044
D02260,D00825,P,275,Target: SLC6A4,d0044
D02260,D00826,CI,276,unclassified,d0044
D02260,D01097,CI,277,unclassified,d0044
D02260,D01501,CI,278,unclassified,d0044
D02260,D01888,CI,279,unclassified,d0044
D02260,D02002,CI,280,unclassified,d0044
D02260,D02360,P,281,Target: SLC6A4,d0044
D02260,D02362,P,282,Enzyme: CYP2D6 / Target: SLC6A4 / CYP inhibition: CYP2D6,d0044
D02260,D02559,CI,283,unclassified,d0044
D02260,D02560,CI,284,unclassified,d0044
D02260,D02561,CI,285,CYP inhibition: CYP2D6,d0044
D02260,D02562,CI,286,unclassified,d0044
D02260,D02563,CI,287,unclassified,d0044
D02260,D02564,CI,288,unclassified,d0044
D02260,D02567,P,289,Enzyme: CYP2D6 / Target: SLC6A4 / CYP inhibition: CYP2D6,d0044
D02260,D02579,CI,290,unclassified,d0044
D02260,D02580,CI,291,unclassified,d0044
D02260,D02581,CI,292,unclassified,d0044
D02260,D02787,P,293,Target: SLC6A4,d0044
D02260,D03239,CI,294,unclassified,d0044
D02260,D03248,CI,295,unclassified,d0044
D02260,D03409,CI,296,unclassified,d0044
D02260,D03649,P,297,Target: SLC6A4,d0044
D02260,D03731,CI,298,Enzyme: CYP2D6 / CYP inhibition: CYP2D6,d0044
D02260,D03733,CI,299,unclassified,d0044
D02260,D04092,CI,300,unclassified,d0044
D02260,D04105,P,301,unclassified,d0044
D02260,D04681,CI,302,unclassified,d0044
D02260,D05033,CI,303,unclassified,d0044
D02260,D05039,CI,304,Enzyme: CYP2D6 / CYP inhibition: CYP2D6,d0044
D02260,D05040,CI,305,Enzyme: CYP2D6 / CYP inhibition: CYP2D6,d0044
D02260,D05374,P,306,Enzyme: CYP2D6 / Target: SLC6A4 / CYP inhibition: CYP2D6,d0044
D02260,D05375,P,307,Enzyme: CYP2D6 / Target: SLC6A4 / CYP inhibition: CYP2D6,d0044
D02260,D05491,P,308,Target: SLC6A4,d0044
D02260,D06367,P,309,unclassified,d0044
D02260,D07337,CI,310,unclassified,d0044
D02260,D07338,CI,311,unclassified,d0044
D02260,D07704,P,312,Enzyme: CYP2D6 / Target: SLC6A4 / CYP inhibition: CYP2D6,d0044
D02260,D07705,P,313,Enzyme: CYP2D6 / Target: SLC6A4 / CYP inhibition: CYP2D6,d0044
D02260,D07913,P,314,Enzyme: CYP2D6 / Target: SLC6A4 / CYP inhibition: CYP2D6,d0044
D02260,D07984,P,315,Enzyme: CYP2D6 / Target: SLC6A4 / CYP inhibition: CYP2D6,d0044
D02260,D08085,CI,316,unclassified,d0044
D02260,D08349,CI,317,unclassified,d0044
D02260,D08392,CI,318,unclassified,d0044
D02260,D08393,CI,319,unclassified,d0044
D02260,D08453,CI,320,unclassified,d0044
D02260,D08469,CI,321,unclassified,d0044
D02260,D08625,CI,322,unclassified,d0044
D02260,D09773,CI,323,unclassified,d0044
D02260,D10158,CI,324,unclassified,d0044
D02260,D10191,CI,325,unclassified,d0044
D02260,D10829,CI,326,unclassified,d0044
D02360,D00785,CI,327,Enzyme: CYP2B6 CYP3A4,d0044
D02360,D00824,P,328,Target: SLC6A4 / CYP inhibition: CYP2C19 CYP3A4,d0044
D02360,D02260,P,329,Target: SLC6A4,d0044
D02360,D02562,CI,330,unclassified,d0044
D02360,D02567,P,331,Enzyme: CYP2C19 CYP3A4 / Target: SLC6A4,d0044
D02360,D03731,CI,332,Enzyme: CYP2B6 CYP3A4,d0044
D02360,D05374,P,333,Target: SLC6A4,d0044
D02360,D05375,P,334,Target: SLC6A4,d0044
D02360,D10191,CI,335,unclassified,d0044
D02362,D00785,CI,336,Enzyme: CYP2D6 / CYP inhibition: CYP2D6,d0044
D02362,D00824,P,337,Enzyme: CYP2D6 / Target: SLC6A4 / CYP inhibition: CYP2D6,d0044
D02362,D02260,P,338,Enzyme: CYP2D6 / Target: SLC6A4 / CYP inhibition: CYP2D6,d0044
D02362,D02562,CI,339,unclassified,d0044
D02362,D02567,P,340,Enzyme: CYP2D6 / Target: SLC6A4 / CYP inhibition: CYP2D6,d0044
D02362,D03731,CI,341,Enzyme: CYP2D6 / CYP inhibition: CYP2D6,d0044
D02362,D05374,P,342,Enzyme: CYP2D6 / Target: SLC6A4 / CYP inhibition: CYP2D6,d0044
D02362,D05375,P,343,Enzyme: CYP2D6 / Target: SLC6A4 / CYP inhibition: CYP2D6,d0044
D02362,D10191,CI,344,unclassified,d0044
D02559,D00785,CI,345,unclassified,d0044
D02559,D00824,CI,346,unclassified,d0044
D02559,D00825,CI,347,unclassified,d0044
D02559,D02260,CI,348,unclassified,d0044
D02559,D02562,CI,349,unclassified,d0044
D02559,D02567,CI,350,unclassified,d0044
D02559,D03731,CI,351,unclassified,d0044
D02559,D05374,CI,352,unclassified,d0044
D02559,D05375,CI,353,unclassified,d0044
D02559,D10191,CI,354,Enzyme-Target: MAOA,d0044
D02560,D00785,CI,355,unclassified,d0044
D02560,D00824,CI,356,unclassified,d0044
D02560,D00825,CI,357,unclassified,d0044
D02560,D02260,CI,358,unclassified,d0044
D02560,D02562,CI,359,unclassified,d0044
D02560,D02567,CI,360,unclassified,d0044
D02560,D03731,CI,361,unclassified,d0044
D02560,D05374,CI,362,unclassified,d0044
D02560,D05375,CI,363,unclassified,d0044
D02560,D10191,CI,364,Enzyme-Target: MAOA,d0044
D02561,D00785,CI,365,CYP inhibition: CYP2D6,d0044
D02561,D00824,CI,366,CYP inhibition: CYP2C19 CYP2D6,d0044
D02561,D00825,CI,367,Enzyme: CYP2C19 / CYP inhibition: CYP2C19,d0044
D02561,D02260,CI,368,CYP inhibition: CYP2D6,d0044
D02561,D02562,CI,369,unclassified,d0044
D02561,D02567,CI,370,Enzyme: CYP2C19 / CYP inhibition: CYP2D6 CYP2C19,d0044
D02561,D03731,CI,371,CYP inhibition: CYP2D6,d0044
D02561,D05374,CI,372,CYP inhibition: CYP2D6,d0044
D02561,D05375,CI,373,CYP inhibition: CYP2D6,d0044
D02561,D10191,CI,374,Enzyme-Target: MAOA,d0044
D02562,D00326,CI,375,unclassified,d0044
D02562,D00346,CI,376,unclassified,d0044
D02562,D00505,CI,377,Target: MAOB,d0044
D02562,D00785,CI,378,Target: MAOB,d0044
D02562,D00822,CI,379,unclassified,d0044
D02562,D00823,CI,380,unclassified,d0044
D02562,D00824,"CI,P",381,CYP inhibition: CYP1A2,d0044
D02562,D00825,CI,382,unclassified,d0044
D02562,D00826,CI,383,Target: MAOB,d0044
D02562,D01097,CI,384,Target: MAOB,d0044
D02562,D01501,CI,385,unclassified,d0044
D02562,D01888,CI,386,Target: MAOB,d0044
D02562,D02002,CI,387,unclassified,d0044
D02562,D02260,CI,388,unclassified,d0044
D02562,D02360,CI,389,unclassified,d0044
D02562,D02362,CI,390,unclassified,d0044
D02562,D02559,CI,391,unclassified,d0044
D02562,D02560,CI,392,unclassified,d0044
D02562,D02561,CI,393,unclassified,d0044
D02562,D02563,CI,394,unclassified,d0044
D02562,D02564,CI,395,Target: MAOB,d0044
D02562,D02567,CI,396,unclassified,d0044
D02562,D02579,CI,397,Target: MAOB,d0044
D02562,D02580,CI,398,Target: MAOB,d0044
D02562,D02581,CI,399,unclassified,d0044
D02562,D02787,CI,400,unclassified,d0044
D02562,D03239,CI,401,Target: MAOB,d0044
D02562,D03248,CI,402,unclassified,d0044
D02562,D03409,CI,403,Target: MAOB,d0044
D02562,D03649,CI,404,unclassified,d0044
D02562,D03731,CI,405,Target: MAOB,d0044
D02562,D03733,CI,406,Target: MAOB,d0044
D02562,D04092,CI,407,Target: MAOB,d0044
D02562,D04105,CI,408,unclassified,d0044
D02562,D04681,CI,409,Target: MAOB,d0044
D02562,D05033,CI,410,Target: MAOB,d0044
D02562,D05039,CI,411,unclassified,d0044
D02562,D05040,CI,412,unclassified,d0044
D02562,D05374,CI,413,unclassified,d0044
D02562,D05375,CI,414,unclassified,d0044
D02562,D05491,CI,415,unclassified,d0044
D02562,D06367,CI,416,unclassified,d0044
D02562,D07337,CI,417,Target: MAOB,d0044
D02562,D07338,CI,418,Target: MAOB,d0044
D02562,D07704,CI,419,unclassified,d0044
D02562,D07705,CI,420,unclassified,d0044
D02562,D07913,CI,421,unclassified,d0044
D02562,D07984,"CI,P",422,CYP inhibition: CYP1A2,d0044
D02562,D08085,CI,423,Target: MAOB,d0044
D02562,D08349,CI,424,Target: MAOB,d0044
D02562,D08392,CI,425,unclassified,d0044
D02562,D08393,CI,426,unclassified,d0044
D02562,D08453,CI,427,Target: MAOB,d0044
D02562,D08469,CI,428,Enzyme: CYP1A2 / Target: MAOB,d0044
D02562,D08625,CI,429,Target: MAOB,d0044
D02562,D09773,CI,430,unclassified,d0044
D02562,D10158,CI,431,Target: MAOB,d0044
D02562,D10191,CI,432,Target: MAOB,d0044
D02562,D10829,CI,433,Enzyme: CYP1A2 / Target: MAOB,d0044
D02563,D00785,CI,434,unclassified,d0044
D02563,D00824,CI,435,unclassified,d0044
D02563,D00825,CI,436,unclassified,d0044
D02563,D02260,CI,437,unclassified,d0044
D02563,D02562,CI,438,unclassified,d0044
D02563,D02567,CI,439,unclassified,d0044
D02563,D03731,CI,440,unclassified,d0044
D02563,D05374,CI,441,unclassified,d0044
D02563,D05375,CI,442,unclassified,d0044
D02563,D10191,CI,443,Enzyme-Target: MAOA,d0044
D02564,D00346,P,444,unclassified,d0044
D02564,D00785,CI,445,Target: MAOB,d0044
D02564,D00824,CI,446,unclassified,d0044
D02564,D00825,CI,447,unclassified,d0044
D02564,D02260,CI,448,unclassified,d0044
D02564,D02562,CI,449,Target: MAOB,d0044
D02564,D02567,CI,450,unclassified,d0044
D02564,D03731,CI,451,Target: MAOB,d0044
D02564,D05374,CI,452,unclassified,d0044
D02564,D05375,CI,453,unclassified,d0044
D02564,D10191,CI,454,Target: MAOB / Enzyme-Target: MAOA,d0044
D02567,D00326,P,455,Enzyme: CYP2D6 / Target: SLC6A4 / CYP inhibition: CYP2C19 CYP2D6,d0044
D02567,D00346,CI,456,unclassified,d0044
D02567,D00505,CI,457,unclassified,d0044
D02567,D00785,CI,458,Enzyme: CYP2D6 CYP3A4 / CYP inhibition: CYP2D6,d0044
D02567,D00822,P,459,Enzyme: CYP3A4 CYP2D6 / Target: SLC6A4 / CYP inhibition: CYP2C19 CYP2D6,d0044
D02567,D00823,P,460,Enzyme: CYP2D6 / Target: SLC6A4 / CYP inhibition: CYP2C19 CYP2D6,d0044
D02567,D00824,P,461,Enzyme: CYP2D6 / Target: SLC6A4 / CYP inhibition: CYP2C19 CYP2D6 CYP3A4,d0044
D02567,D00825,P,462,Enzyme: CYP2C19 CYP3A4 / Target: SLC6A4,d0044
D02567,D00826,CI,463,unclassified,d0044
D02567,D01097,CI,464,unclassified,d0044
D02567,D01501,CI,465,unclassified,d0044
D02567,D01888,CI,466,unclassified,d0044
D02567,D02002,CI,467,unclassified,d0044
D02567,D02260,P,468,Enzyme: CYP2D6 / Target: SLC6A4 / CYP inhibition: CYP2D6,d0044
D02567,D02360,P,469,Enzyme: CYP2C19 CYP3A4 / Target: SLC6A4,d0044
D02567,D02362,P,470,Enzyme: CYP2D6 / Target: SLC6A4 / CYP inhibition: CYP2D6,d0044
D02567,D02559,CI,471,unclassified,d0044
D02567,D02560,CI,472,unclassified,d0044
D02567,D02561,CI,473,Enzyme: CYP2C19 / CYP inhibition: CYP2D6 CYP2C19,d0044
D02567,D02562,CI,474,unclassified,d0044
D02567,D02563,CI,475,unclassified,d0044
D02567,D02564,CI,476,unclassified,d0044
D02567,D02579,CI,477,unclassified,d0044
D02567,D02580,CI,478,unclassified,d0044
D02567,D02581,CI,479,unclassified,d0044
D02567,D02787,P,480,Target: SLC6A4,d0044
D02567,D03239,CI,481,unclassified,d0044
D02567,D03248,CI,482,unclassified,d0044
D02567,D03409,CI,483,unclassified,d0044
D02567,D03649,P,484,Target: SLC6A4,d0044
D02567,D03731,CI,485,Enzyme: CYP3A4 CYP2D6 / CYP inhibition: CYP2D6,d0044
D02567,D03733,CI,486,unclassified,d0044
D02567,D04092,CI,487,unclassified,d0044
D02567,D04105,P,488,unclassified,d0044
D02567,D04681,CI,489,unclassified,d0044
D02567,D05033,CI,490,unclassified,d0044
D02567,D05039,CI,491,Enzyme: CYP2D6 / CYP inhibition: CYP2D6,d0044
D02567,D05040,CI,492,Enzyme: CYP2D6 / CYP inhibition: CYP2D6,d0044
D02567,D05374,P,493,Enzyme: CYP2D6 / Target: SLC6A4 / CYP inhibition: CYP2D6,d0044
D02567,D05375,P,494,Enzyme: CYP2D6 / Target: SLC6A4 / CYP inhibition: CYP2D6,d0044
D02567,D05491,P,495,Target: SLC6A4,d0044
D02567,D06367,P,496,unclassified,d0044
D02567,D07337,CI,497,unclassified,d0044
D02567,D07338,CI,498,unclassified,d0044
D02567,D07704,P,499,Enzyme: CYP3A4 CYP2D6 / Target: SLC6A4 / CYP inhibition: CYP2D6 CYP2C19,d0044
D02567,D07705,P,500,Enzyme: CYP3A4 CYP2D6 / Target: SLC6A4 / CYP inhibition: CYP2D6 CYP2C19,d0044
D02567,D07913,P,501,Enzyme: CYP3A4 CYP2C19 CYP2D6 AOX1 / Target: SLC6A4 / CYP inhibition: CYP2D6,d0044
D02567,D07984,P,502,Enzyme: CYP2D6 / Target: SLC6A4 / CYP inhibition: CYP2D6 CYP2C19 CYP3A4,d0044
D02567,D08085,CI,503,unclassified,d0044
D02567,D08349,CI,504,unclassified,d0044
D02567,D08392,CI,505,unclassified,d0044
D02567,D08393,CI,506,unclassified,d0044
D02567,D08453,CI,507,unclassified,d0044
D02567,D08469,CI,508,unclassified,d0044
D02567,D08625,CI,509,unclassified,d0044
D02567,D09773,CI,510,unclassified,d0044
D02567,D10158,CI,511,unclassified,d0044
D02567,D10191,CI,512,unclassified,d0044
D02567,D10829,CI,513,unclassified,d0044
D02579,D00785,CI,514,Target: MAOB,d0044
D02579,D00824,CI,515,unclassified,d0044
D02579,D00825,CI,516,unclassified,d0044
D02579,D02260,CI,517,unclassified,d0044
D02579,D02562,CI,518,Target: MAOB,d0044
D02579,D02567,CI,519,unclassified,d0044
D02579,D03731,CI,520,Target: MAOB,d0044
D02579,D05374,CI,521,unclassified,d0044
D02579,D05375,CI,522,unclassified,d0044
D02579,D10191,CI,523,Target: MAOB / Enzyme-Target: MAOA,d0044
D02580,D00785,CI,524,Target: MAOB,d0044
D02580,D00824,CI,525,unclassified,d0044
D02580,D00825,CI,526,unclassified,d0044
D02580,D02260,CI,527,unclassified,d0044
D02580,D02562,CI,528,Target: MAOB,d0044
D02580,D02567,CI,529,unclassified,d0044
D02580,D03731,CI,530,Target: MAOB,d0044
D02580,D05374,CI,531,unclassified,d0044
D02580,D05375,CI,532,unclassified,d0044
D02580,D10191,CI,533,Target: MAOB / Enzyme-Target: MAOA,d0044
D02581,D00785,CI,534,unclassified,d0044
D02581,D00824,CI,535,unclassified,d0044
D02581,D00825,CI,536,unclassified,d0044
D02581,D02260,CI,537,unclassified,d0044
D02581,D02562,CI,538,unclassified,d0044
D02581,D02567,CI,539,unclassified,d0044
D02581,D03731,CI,540,unclassified,d0044
D02581,D05374,CI,541,unclassified,d0044
D02581,D05375,CI,542,unclassified,d0044
D02581,D10191,CI,543,Enzyme-Target: MAOA,d0044
D02787,D00785,CI,544,unclassified,d0044
D02787,D00824,P,545,Target: SLC6A4,d0044
D02787,D02260,P,546,Target: SLC6A4,d0044
D02787,D02562,CI,547,unclassified,d0044
D02787,D02567,P,548,Target: SLC6A4,d0044
D02787,D03731,CI,549,unclassified,d0044
D02787,D05374,P,550,Target: SLC6A4,d0044
D02787,D05375,P,551,Target: SLC6A4,d0044
D02787,D10191,CI,552,unclassified,d0044
D03239,D00785,CI,553,Target: MAOB,d0044
D03239,D00824,CI,554,unclassified,d0044
D03239,D00825,CI,555,unclassified,d0044
D03239,D02260,CI,556,unclassified,d0044
D03239,D02562,CI,557,Target: MAOB,d0044
D03239,D02567,CI,558,unclassified,d0044
D03239,D03731,CI,559,Target: MAOB,d0044
D03239,D05374,CI,560,unclassified,d0044
D03239,D05375,CI,561,unclassified,d0044
D03239,D10191,CI,562,Target: MAOB / Enzyme-Target: MAOA,d0044
D03248,D00785,CI,563,unclassified,d0044
D03248,D00824,CI,564,unclassified,d0044
D03248,D00825,CI,565,unclassified,d0044
D03248,D02260,CI,566,unclassified,d0044
D03248,D02562,CI,567,unclassified,d0044
D03248,D02567,CI,568,unclassified,d0044
D03248,D03731,CI,569,unclassified,d0044
D03248,D05374,CI,570,unclassified,d0044
D03248,D05375,CI,571,unclassified,d0044
D03248,D10191,CI,572,Enzyme-Target: MAOA,d0044
D03409,D00785,CI,573,Target: MAOB,d0044
D03409,D00824,CI,574,unclassified,d0044
D03409,D00825,CI,575,unclassified,d0044
D03409,D02260,CI,576,unclassified,d0044
D03409,D02562,CI,577,Target: MAOB,d0044
D03409,D02567,CI,578,unclassified,d0044
D03409,D03731,CI,579,Target: MAOB,d0044
D03409,D05374,CI,580,unclassified,d0044
D03409,D05375,CI,581,unclassified,d0044
D03409,D10191,CI,582,Target: MAOB / Enzyme-Target: MAOA,d0044
D03649,D00785,CI,583,unclassified,d0044
D03649,D00824,P,584,Target: SLC6A4,d0044
D03649,D02260,P,585,Target: SLC6A4,d0044
D03649,D02562,CI,586,unclassified,d0044
D03649,D02567,P,587,Target: SLC6A4,d0044
D03649,D03731,CI,588,unclassified,d0044
D03649,D05374,P,589,Target: SLC6A4,d0044
D03649,D05375,P,590,Target: SLC6A4,d0044
D03649,D10191,CI,591,unclassified,d0044
D03731,D00326,CI,592,Enzyme: CYP2D6 / CYP inhibition: CYP2D6,d0044
D03731,D00346,CI,593,unclassified,d0044
D03731,D00505,CI,594,Target: MAOB,d0044
D03731,D00785,CI,595,Enzyme: CYP2B6 CYP2D6 CYP3A4 / Target: MAOB,d0044
D03731,D00822,CI,596,Enzyme: CYP2D6 CYP3A4,d0044
D03731,D00823,CI,597,Enzyme: CYP2D6 / CYP inhibition: CYP2D6,d0044
D03731,D00824,CI,598,Enzyme: CYP2D6 / CYP inhibition: CYP2D6 CYP3A4,d0044
D03731,D00825,CI,599,Enzyme: CYP2B6 CYP3A4,d0044
D03731,D00826,CI,600,Target: MAOB,d0044
D03731,D01097,CI,601,Target: MAOB,d0044
D03731,D01501,CI,602,unclassified,d0044
D03731,D01888,CI,603,Target: MAOB,d0044
D03731,D02002,CI,604,unclassified,d0044
D03731,D02260,CI,605,Enzyme: CYP2D6 / CYP inhibition: CYP2D6,d0044
D03731,D02360,CI,606,Enzyme: CYP2B6 CYP3A4,d0044
D03731,D02362,CI,607,Enzyme: CYP2D6 / CYP inhibition: CYP2D6,d0044
D03731,D02559,CI,608,unclassified,d0044
D03731,D02560,CI,609,unclassified,d0044
D03731,D02561,CI,610,CYP inhibition: CYP2D6,d0044
D03731,D02562,CI,611,Target: MAOB,d0044
D03731,D02563,CI,612,unclassified,d0044
D03731,D02564,CI,613,Target: MAOB,d0044
D03731,D02567,CI,614,Enzyme: CYP3A4 CYP2D6 / CYP inhibition: CYP2D6,d0044
D03731,D02579,CI,615,Target: MAOB,d0044
D03731,D02580,CI,616,Target: MAOB,d0044
D03731,D02581,CI,617,unclassified,d0044
D03731,D02787,CI,618,unclassified,d0044
D03731,D03239,CI,619,Target: MAOB,d0044
D03731,D03248,CI,620,unclassified,d0044
D03731,D03409,CI,621,Target: MAOB,d0044
D03731,D03649,CI,622,unclassified,d0044
D03731,D03733,CI,623,Target: MAOB,d0044
D03731,D04092,CI,624,Target: MAOB,d0044
D03731,D04105,CI,625,unclassified,d0044
D03731,D04681,CI,626,Target: MAOB,d0044
D03731,D05033,CI,627,Target: MAOB,d0044
D03731,D05039,CI,628,Enzyme: CYP2D6,d0044
D03731,D05040,CI,629,Enzyme: CYP2D6,d0044
D03731,D05374,CI,630,Enzyme: CYP2D6 / CYP inhibition: CYP2D6,d0044
D03731,D05375,CI,631,Enzyme: CYP2D6 / CYP inhibition: CYP2D6,d0044
D03731,D05491,CI,632,unclassified,d0044
D03731,D06367,CI,633,unclassified,d0044
D03731,D07337,CI,634,Target: MAOB,d0044
D03731,D07338,CI,635,Target: MAOB,d0044
D03731,D07704,CI,636,Enzyme: CYP2D6 CYP3A4,d0044
D03731,D07705,CI,637,Enzyme: CYP2D6 CYP3A4,d0044
D03731,D07913,CI,638,Enzyme: CYP2D6 CYP3A4 / CYP inhibition: CYP2D6,d0044
D03731,D07984,CI,639,Enzyme: CYP2D6 / CYP inhibition: CYP2D6 CYP3A4,d0044
D03731,D08085,CI,640,Target: MAOB,d0044
D03731,D08349,CI,641,Target: MAOB,d0044
D03731,D08392,CI,642,unclassified,d0044
D03731,D08393,CI,643,unclassified,d0044
D03731,D08453,CI,644,Target: MAOB,d0044
D03731,D08469,CI,645,Target: MAOB,d0044
D03731,D08625,CI,646,Target: MAOB,d0044
D03731,D09773,CI,647,unclassified,d0044
D03731,D10158,CI,648,Target: MAOB,d0044
D03731,D10191,CI,649,Target: MAOB,d0044
D03731,D10829,CI,650,Target: MAOB,d0044
D03733,D00785,CI,651,Target: MAOB,d0044
D03733,D00824,CI,652,unclassified,d0044
D03733,D00825,CI,653,unclassified,d0044
D03733,D02260,CI,654,unclassified,d0044
D03733,D02562,CI,655,Target: MAOB,d0044
D03733,D02567,CI,656,unclassified,d0044
D03733,D03731,CI,657,Target: MAOB,d0044
D03733,D05374,CI,658,unclassified,d0044
D03733,D05375,CI,659,unclassified,d0044
D03733,D10191,CI,660,Target: MAOB,d0044
D04092,D00785,CI,661,Target: MAOB,d0044
D04092,D00824,CI,662,unclassified,d0044
D04092,D00825,CI,663,unclassified,d0044
D04092,D02260,CI,664,unclassified,d0044
D04092,D02562,CI,665,Target: MAOB,d0044
D04092,D02567,CI,666,unclassified,d0044
D04092,D03731,CI,667,Target: MAOB,d0044
D04092,D05374,CI,668,unclassified,d0044
D04092,D05375,CI,669,unclassified,d0044
D04092,D10191,CI,670,Target: MAOB / Enzyme-Target: MAOA,d0044
D04105,D00785,CI,671,unclassified,d0044
D04105,D00824,P,672,unclassified,d0044
D04105,D02260,P,673,unclassified,d0044
D04105,D02562,CI,674,unclassified,d0044
D04105,D02567,P,675,unclassified,d0044
D04105,D03731,CI,676,unclassified,d0044
D04105,D05374,P,677,unclassified,d0044
D04105,D05375,P,678,unclassified,d0044
D04105,D10191,CI,679,unclassified,d0044
D04681,D00785,CI,680,Target: MAOB,d0044
D04681,D00824,CI,681,unclassified,d0044
D04681,D00825,CI,682,unclassified,d0044
D04681,D02260,CI,683,unclassified,d0044
D04681,D02562,CI,684,Target: MAOB,d0044
D04681,D02567,CI,685,unclassified,d0044
D04681,D03731,CI,686,Target: MAOB,d0044
D04681,D05374,CI,687,unclassified,d0044
D04681,D05375,CI,688,unclassified,d0044
D04681,D10191,CI,689,Target: MAOB,d0044
D05033,D00785,CI,690,Target: MAOB,d0044
D05033,D00824,CI,691,unclassified,d0044
D05033,D00825,CI,692,unclassified,d0044
D05033,D02260,CI,693,unclassified,d0044
D05033,D02562,CI,694,Target: MAOB,d0044
D05033,D02567,CI,695,unclassified,d0044
D05033,D03731,CI,696,Target: MAOB,d0044
D05033,D05374,CI,697,unclassified,d0044
D05033,D05375,CI,698,unclassified,d0044
D05033,D10191,CI,699,Target: MAOB,d0044
D05039,D00785,CI,700,Enzyme: CYP2D6,d0044
D05039,D00824,CI,701,Enzyme: CYP2D6 / CYP inhibition: CYP2D6,d0044
D05039,D00825,CI,702,unclassified,d0044
D05039,D02260,CI,703,Enzyme: CYP2D6 / CYP inhibition: CYP2D6,d0044
D05039,D02562,CI,704,unclassified,d0044
D05039,D02567,CI,705,Enzyme: CYP2D6 / CYP inhibition: CYP2D6,d0044
D05039,D03731,CI,706,Enzyme: CYP2D6,d0044
D05039,D05374,CI,707,Enzyme: CYP2D6 / CYP inhibition: CYP2D6,d0044
D05039,D05375,CI,708,Enzyme: CYP2D6 / CYP inhibition: CYP2D6,d0044
D05039,D10191,CI,709,Enzyme-Target: MAOA,d0044
D05040,D00785,CI,710,Enzyme: CYP2D6,d0044
D05040,D00824,CI,711,Enzyme: CYP2D6 / CYP inhibition: CYP2D6,d0044
D05040,D00825,CI,712,unclassified,d0044
D05040,D02260,CI,713,Enzyme: CYP2D6 / CYP inhibition: CYP2D6,d0044
D05040,D02562,CI,714,unclassified,d0044
D05040,D02567,CI,715,Enzyme: CYP2D6 / CYP inhibition: CYP2D6,d0044
D05040,D03731,CI,716,Enzyme: CYP2D6,d0044
D05040,D05374,CI,717,Enzyme: CYP2D6 / CYP inhibition: CYP2D6,d0044
D05040,D05375,CI,718,Enzyme: CYP2D6 / CYP inhibition: CYP2D6,d0044
D05040,D10191,CI,719,Enzyme-Target: MAOA,d0044
D05374,D00326,P,720,Enzyme: CYP2D6 / Target: SLC6A4 / CYP inhibition: CYP2D6,d0044
D05374,D00346,CI,721,unclassified,d0044
D05374,D00505,CI,722,unclassified,d0044
D05374,D00785,CI,723,Enzyme: CYP2D6 / CYP inhibition: CYP2D6,d0044
D05374,D00822,P,724,Enzyme: CYP2D6 / Target: SLC6A4 / CYP inhibition: CYP2D6,d0044
D05374,D00823,P,725,Enzyme: CYP2D6 / Target: SLC6A4 / CYP inhibition: CYP2D6,d0044
D05374,D00824,P,726,Enzyme: CYP2D6 / Target: SLC6A4 / CYP inhibition: CYP2D6,d0044
D05374,D00825,P,727,Target: SLC6A4,d0044
D05374,D00826,CI,728,unclassified,d0044
D05374,D01097,CI,729,unclassified,d0044
D05374,D01501,CI,730,unclassified,d0044
D05374,D01888,CI,731,unclassified,d0044
D05374,D02002,CI,732,unclassified,d0044
D05374,D02260,P,733,Enzyme: CYP2D6 / Target: SLC6A4 / CYP inhibition: CYP2D6,d0044
D05374,D02360,P,734,Target: SLC6A4,d0044
D05374,D02362,P,735,Enzyme: CYP2D6 / Target: SLC6A4 / CYP inhibition: CYP2D6,d0044
D05374,D02559,CI,736,unclassified,d0044
D05374,D02560,CI,737,unclassified,d0044
D05374,D02561,CI,738,CYP inhibition: CYP2D6,d0044
D05374,D02562,CI,739,unclassified,d0044
D05374,D02563,CI,740,unclassified,d0044
D05374,D02564,CI,741,unclassified,d0044
D05374,D02567,P,742,Enzyme: CYP2D6 / Target: SLC6A4 / CYP inhibition: CYP2D6,d0044
D05374,D02579,CI,743,unclassified,d0044
D05374,D02580,CI,744,unclassified,d0044
D05374,D02581,CI,745,unclassified,d0044
D05374,D02787,P,746,Target: SLC6A4,d0044
D05374,D03239,CI,747,unclassified,d0044
D05374,D03248,CI,748,unclassified,d0044
D05374,D03409,CI,749,unclassified,d0044
D05374,D03649,P,750,Target: SLC6A4,d0044
D05374,D03731,CI,751,Enzyme: CYP2D6 / CYP inhibition: CYP2D6,d0044
D05374,D03733,CI,752,unclassified,d0044
D05374,D04092,CI,753,unclassified,d0044
D05374,D04105,P,754,unclassified,d0044
D05374,D04681,CI,755,unclassified,d0044
D05374,D05033,CI,756,unclassified,d0044
D05374,D05039,CI,757,Enzyme: CYP2D6 / CYP inhibition: CYP2D6,d0044
D05374,D05040,CI,758,Enzyme: CYP2D6 / CYP inhibition: CYP2D6,d0044
D05374,D05375,P,759,Enzyme: CYP2D6 / Target: SLC6A4 / CYP inhibition: CYP2D6,d0044
D05374,D05491,P,760,Target: SLC6A4,d0044
D05374,D06367,P,761,unclassified,d0044
D05374,D07337,CI,762,unclassified,d0044
D05374,D07338,CI,763,unclassified,d0044
D05374,D07704,P,764,Enzyme: CYP2D6 / Target: SLC6A4 / CYP inhibition: CYP2D6,d0044
D05374,D07705,P,765,Enzyme: CYP2D6 / Target: SLC6A4 / CYP inhibition: CYP2D6,d0044
D05374,D07913,P,766,Enzyme: CYP2D6 / Target: SLC6A4 / CYP inhibition: CYP2D6,d0044
D05374,D07984,P,767,Enzyme: CYP2D6 / Target: SLC6A4 / CYP inhibition: CYP2D6,d0044
D05374,D08085,CI,768,unclassified,d0044
D05374,D08349,CI,769,unclassified,d0044
D05374,D08392,CI,770,unclassified,d0044
D05374,D08393,CI,771,unclassified,d0044
D05374,D08453,CI,772,unclassified,d0044
D05374,D08469,CI,773,unclassified,d0044
D05374,D08625,CI,774,unclassified,d0044
D05374,D09773,CI,775,unclassified,d0044
D05374,D10158,CI,776,unclassified,d0044
D05374,D10191,CI,777,unclassified,d0044
D05374,D10829,CI,778,unclassified,d0044
D05375,D00326,P,779,Enzyme: CYP2D6 / Target: SLC6A4 / CYP inhibition: CYP2D6,d0044
D05375,D00346,CI,780,unclassified,d0044
D05375,D00505,CI,781,unclassified,d0044
D05375,D00785,CI,782,Enzyme: CYP2D6 / CYP inhibition: CYP2D6,d0044
D05375,D00822,P,783,Enzyme: CYP2D6 / Target: SLC6A4 / CYP inhibition: CYP2D6,d0044
D05375,D00823,P,784,Enzyme: CYP2D6 / Target: SLC6A4 / CYP inhibition: CYP2D6,d0044
D05375,D00824,P,785,Enzyme: CYP2D6 / Target: SLC6A4 / CYP inhibition: CYP2D6,d0044
D05375,D00825,P,786,Target: SLC6A4,d0044
D05375,D00826,CI,787,unclassified,d0044
D05375,D01097,CI,788,unclassified,d0044
D05375,D01501,CI,789,unclassified,d0044
D05375,D01888,CI,790,unclassified,d0044
D05375,D02002,CI,791,unclassified,d0044
D05375,D02260,P,792,Enzyme: CYP2D6 / Target: SLC6A4 / CYP inhibition: CYP2D6,d0044
D05375,D02360,P,793,Target: SLC6A4,d0044
D05375,D02362,P,794,Enzyme: CYP2D6 / Target: SLC6A4 / CYP inhibition: CYP2D6,d0044
D05375,D02559,CI,795,unclassified,d0044
D05375,D02560,CI,796,unclassified,d0044
D05375,D02561,CI,797,CYP inhibition: CYP2D6,d0044
D05375,D02562,CI,798,unclassified,d0044
D05375,D02563,CI,799,unclassified,d0044
D05375,D02564,CI,800,unclassified,d0044
D05375,D02567,P,801,Enzyme: CYP2D6 / Target: SLC6A4 / CYP inhibition: CYP2D6,d0044
D05375,D02579,CI,802,unclassified,d0044
D05375,D02580,CI,803,unclassified,d0044
D05375,D02581,CI,804,unclassified,d0044
D05375,D02787,P,805,Target: SLC6A4,d0044
D05375,D03239,CI,806,unclassified,d0044
D05375,D03248,CI,807,unclassified,d0044
D05375,D03409,CI,808,unclassified,d0044
D05375,D03649,P,809,Target: SLC6A4,d0044
D05375,D03731,CI,810,Enzyme: CYP2D6 / CYP inhibition: CYP2D6,d0044
D05375,D03733,CI,811,unclassified,d0044
D05375,D04092,CI,812,unclassified,d0044
D05375,D04105,P,813,unclassified,d0044
D05375,D04681,CI,814,unclassified,d0044
D05375,D05033,CI,815,unclassified,d0044
D05375,D05039,CI,816,Enzyme: CYP2D6 / CYP inhibition: CYP2D6,d0044
D05375,D05040,CI,817,Enzyme: CYP2D6 / CYP inhibition: CYP2D6,d0044
D05375,D05374,P,818,Enzyme: CYP2D6 / Target: SLC6A4 / CYP inhibition: CYP2D6,d0044
D05375,D05491,P,819,Target: SLC6A4,d0044
D05375,D06367,P,820,unclassified,d0044
D05375,D07337,CI,821,unclassified,d0044
D05375,D07338,CI,822,unclassified,d0044
D05375,D07704,P,823,Enzyme: CYP2D6 / Target: SLC6A4 / CYP inhibition: CYP2D6,d0044
D05375,D07705,P,824,Enzyme: CYP2D6 / Target: SLC6A4 / CYP inhibition: CYP2D6,d0044
D05375,D07913,P,825,Enzyme: CYP2D6 / Target: SLC6A4 / CYP inhibition: CYP2D6,d0044
D05375,D07984,P,826,Enzyme: CYP2D6 / Target: SLC6A4 / CYP inhibition: CYP2D6,d0044
D05375,D08085,CI,827,unclassified,d0044
D05375,D08349,CI,828,unclassified,d0044
D05375,D08392,CI,829,unclassified,d0044
D05375,D08393,CI,830,unclassified,d0044
D05375,D08453,CI,831,unclassified,d0044
D05375,D08469,CI,832,unclassified,d0044
D05375,D08625,CI,833,unclassified,d0044
D05375,D09773,CI,834,unclassified,d0044
D05375,D10158,CI,835,unclassified,d0044
D05375,D10191,CI,836,unclassified,d0044
D05375,D10829,CI,837,unclassified,d0044
D05491,D00785,CI,838,unclassified,d0044
D05491,D00824,P,839,Target: SLC6A4,d0044
D05491,D02260,P,840,Target: SLC6A4,d0044
D05491,D02562,CI,841,unclassified,d0044
D05491,D02567,P,842,Target: SLC6A4,d0044
D05491,D03731,CI,843,unclassified,d0044
D05491,D05374,P,844,Target: SLC6A4,d0044
D05491,D05375,P,845,Target: SLC6A4,d0044
D05491,D10191,CI,846,unclassified,d0044
D06367,D00785,CI,847,unclassified,d0044
D06367,D00824,P,848,unclassified,d0044
D06367,D02260,P,849,unclassified,d0044
D06367,D02562,CI,850,unclassified,d0044
D06367,D02567,P,851,unclassified,d0044
D06367,D03731,CI,852,unclassified,d0044
D06367,D05374,P,853,unclassified,d0044
D06367,D05375,P,854,unclassified,d0044
D06367,D10191,CI,855,unclassified,d0044
D07337,D00785,CI,856,Target: MAOB,d0044
D07337,D00824,CI,857,unclassified,d0044
D07337,D00825,CI,858,unclassified,d0044
D07337,D02260,CI,859,unclassified,d0044
D07337,D02562,CI,860,Target: MAOB,d0044
D07337,D02567,CI,861,unclassified,d0044
D07337,D03731,CI,862,Target: MAOB,d0044
D07337,D05374,CI,863,unclassified,d0044
D07337,D05375,CI,864,unclassified,d0044
D07337,D10191,CI,865,Target: MAOB / Enzyme-Target: MAOA,d0044
D07338,D00785,CI,866,Target: MAOB,d0044
D07338,D00824,CI,867,unclassified,d0044
D07338,D00825,CI,868,unclassified,d0044
D07338,D02260,CI,869,unclassified,d0044
D07338,D02562,CI,870,Target: MAOB,d0044
D07338,D02567,CI,871,unclassified,d0044
D07338,D03731,CI,872,Target: MAOB,d0044
D07338,D05374,CI,873,unclassified,d0044
D07338,D05375,CI,874,unclassified,d0044
D07338,D10191,CI,875,Target: MAOB / Enzyme-Target: MAOA,d0044
D07704,D00785,CI,876,Enzyme: CYP2D6 CYP3A4,d0044
D07704,D00824,P,877,Enzyme: CYP2D6 / Target: SLC6A4 / CYP inhibition: CYP2D6 CYP3A4,d0044
D07704,D02260,P,878,Enzyme: CYP2D6 / Target: SLC6A4 / CYP inhibition: CYP2D6,d0044
D07704,D02562,CI,879,unclassified,d0044
D07704,D02567,P,880,Enzyme: CYP3A4 CYP2D6 / Target: SLC6A4 / CYP inhibition: CYP2D6 CYP2C19,d0044
D07704,D03731,CI,881,Enzyme: CYP2D6 CYP3A4,d0044
D07704,D05374,P,882,Enzyme: CYP2D6 / Target: SLC6A4 / CYP inhibition: CYP2D6,d0044
D07704,D05375,P,883,Enzyme: CYP2D6 / Target: SLC6A4 / CYP inhibition: CYP2D6,d0044
D07704,D10191,CI,884,unclassified,d0044
D07705,D00785,CI,885,Enzyme: CYP2D6 CYP3A4,d0044
D07705,D00824,P,886,Enzyme: CYP2D6 / Target: SLC6A4 / CYP inhibition: CYP2D6 CYP3A4,d0044
D07705,D02260,P,887,Enzyme: CYP2D6 / Target: SLC6A4 / CYP inhibition: CYP2D6,d0044
D07705,D02562,CI,888,unclassified,d0044
D07705,D02567,P,889,Enzyme: CYP3A4 CYP2D6 / Target: SLC6A4 / CYP inhibition: CYP2D6 CYP2C19,d0044
D07705,D03731,CI,890,Enzyme: CYP2D6 CYP3A4,d0044
D07705,D05374,P,891,Enzyme: CYP2D6 / Target: SLC6A4 / CYP inhibition: CYP2D6,d0044
D07705,D05375,P,892,Enzyme: CYP2D6 / Target: SLC6A4 / CYP inhibition: CYP2D6,d0044
D07705,D10191,CI,893,unclassified,d0044
D07913,D00785,CI,894,Enzyme: CYP2D6 CYP3A4 / CYP inhibition: CYP2D6,d0044
D07913,D00824,P,895,Enzyme: CYP2D6 / Target: SLC6A4 / CYP inhibition: CYP2C19 CYP2D6 CYP3A4,d0044
D07913,D02260,P,896,Enzyme: CYP2D6 / Target: SLC6A4 / CYP inhibition: CYP2D6,d0044
D07913,D02562,CI,897,unclassified,d0044
D07913,D02567,P,898,Enzyme: CYP3A4 CYP2C19 CYP2D6 AOX1 / Target: SLC6A4 / CYP inhibition: CYP2D6,d0044
D07913,D03731,CI,899,Enzyme: CYP2D6 CYP3A4 / CYP inhibition: CYP2D6,d0044
D07913,D05374,P,900,Enzyme: CYP2D6 / Target: SLC6A4 / CYP inhibition: CYP2D6,d0044
D07913,D05375,P,901,Enzyme: CYP2D6 / Target: SLC6A4 / CYP inhibition: CYP2D6,d0044
D07913,D10191,CI,902,unclassified,d0044
D07984,D00785,CI,903,Enzyme: CYP2D6 / CYP inhibition: CYP2D6 CYP3A4,d0044
D07984,D00824,P,904,Enzyme: CYP2D6 / Target: SLC6A4 / CYP inhibition: CYP2D6,d0044
D07984,D02260,P,905,Enzyme: CYP2D6 / Target: SLC6A4 / CYP inhibition: CYP2D6,d0044
D07984,D02562,"CI,P",906,CYP inhibition: CYP1A2,d0044
D07984,D02567,P,907,Enzyme: CYP2D6 / Target: SLC6A4 / CYP inhibition: CYP2D6 CYP2C19 CYP3A4,d0044
D07984,D03731,CI,908,Enzyme: CYP2D6 / CYP inhibition: CYP2D6 CYP3A4,d0044
D07984,D05374,P,909,Enzyme: CYP2D6 / Target: SLC6A4 / CYP inhibition: CYP2D6,d0044
D07984,D05375,P,910,Enzyme: CYP2D6 / Target: SLC6A4 / CYP inhibition: CYP2D6,d0044
D07984,D10191,CI,911,unclassified,d0044
D08085,D00785,CI,912,Target: MAOB,d0044
D08085,D00824,CI,913,unclassified,d0044
D08085,D00825,CI,914,unclassified,d0044
D08085,D02260,CI,915,unclassified,d0044
D08085,D02562,CI,916,Target: MAOB,d0044
D08085,D02567,CI,917,unclassified,d0044
D08085,D03731,CI,918,Target: MAOB,d0044
D08085,D05374,CI,919,unclassified,d0044
D08085,D05375,CI,920,unclassified,d0044
D08085,D10191,CI,921,Target: MAOB / Enzyme-Target: MAOA,d0044
D08349,D00785,CI,922,Target: MAOB,d0044
D08349,D00824,CI,923,unclassified,d0044
D08349,D00825,CI,924,unclassified,d0044
D08349,D02260,CI,925,unclassified,d0044
D08349,D02562,CI,926,Target: MAOB,d0044
D08349,D02567,CI,927,unclassified,d0044
D08349,D03731,CI,928,Target: MAOB,d0044
D08349,D05374,CI,929,unclassified,d0044
D08349,D05375,CI,930,unclassified,d0044
D08349,D10191,CI,931,Target: MAOB / Enzyme-Target: MAOA,d0044
D08392,D00785,CI,932,unclassified,d0044
D08392,D00824,CI,933,unclassified,d0044
D08392,D00825,CI,934,unclassified,d0044
D08392,D02260,CI,935,unclassified,d0044
D08392,D02562,CI,936,unclassified,d0044
D08392,D02567,CI,937,unclassified,d0044
D08392,D03731,CI,938,unclassified,d0044
D08392,D05374,CI,939,unclassified,d0044
D08392,D05375,CI,940,unclassified,d0044
D08392,D10191,CI,941,Enzyme-Target: MAOA,d0044
D08393,D00785,CI,942,unclassified,d0044
D08393,D00824,CI,943,unclassified,d0044
D08393,D00825,CI,944,unclassified,d0044
D08393,D02260,CI,945,unclassified,d0044
D08393,D02562,CI,946,unclassified,d0044
D08393,D02567,CI,947,unclassified,d0044
D08393,D03731,CI,948,unclassified,d0044
D08393,D05374,CI,949,unclassified,d0044
D08393,D05375,CI,950,unclassified,d0044
D08393,D10191,CI,951,Enzyme-Target: MAOA,d0044
D08453,D00346,P,952,unclassified,d0044
D08453,D00785,CI,953,Target: MAOB,d0044
D08453,D00824,CI,954,unclassified,d0044
D08453,D00825,CI,955,unclassified,d0044
D08453,D02260,CI,956,unclassified,d0044
D08453,D02562,CI,957,Target: MAOB,d0044
D08453,D02567,CI,958,unclassified,d0044
D08453,D03731,CI,959,Target: MAOB,d0044
D08453,D05374,CI,960,unclassified,d0044
D08453,D05375,CI,961,unclassified,d0044
D08453,D10191,CI,962,Target: MAOB / Enzyme-Target: MAOA,d0044
D08469,D00785,CI,963,Target: MAOB,d0044
D08469,D00824,CI,964,CYP inhibition: CYP1A2,d0044
D08469,D00825,CI,965,unclassified,d0044
D08469,D02260,CI,966,unclassified,d0044
D08469,D02562,CI,967,Enzyme: CYP1A2 / Target: MAOB,d0044
D08469,D02567,CI,968,unclassified,d0044
D08469,D03731,CI,969,Target: MAOB,d0044
D08469,D05374,CI,970,unclassified,d0044
D08469,D05375,CI,971,unclassified,d0044
D08469,D10191,CI,972,Target: MAOB,d0044
D08625,D00785,CI,973,Target: MAOB,d0044
D08625,D00824,CI,974,unclassified,d0044
D08625,D00825,CI,975,unclassified,d0044
D08625,D02260,CI,976,unclassified,d0044
D08625,D02562,CI,977,Target: MAOB,d0044
D08625,D02567,CI,978,unclassified,d0044
D08625,D03731,CI,979,Target: MAOB,d0044
D08625,D05374,CI,980,unclassified,d0044
D08625,D05375,CI,981,unclassified,d0044
D08625,D10191,CI,982,Target: MAOB / Enzyme-Target: MAOA,d0044
D09773,D00346,P,983,unclassified,d0044
D09773,D00785,CI,984,unclassified,d0044
D09773,D00824,CI,985,unclassified,d0044
D09773,D00825,CI,986,unclassified,d0044
D09773,D02260,CI,987,unclassified,d0044
D09773,D02562,CI,988,unclassified,d0044
D09773,D02567,CI,989,unclassified,d0044
D09773,D03731,CI,990,unclassified,d0044
D09773,D05374,CI,991,unclassified,d0044
D09773,D05375,CI,992,unclassified,d0044
D09773,D10191,CI,993,unclassified,d0044
D10158,D00785,CI,994,Target: MAOB,d0044
D10158,D00824,CI,995,unclassified,d0044
D10158,D00825,CI,996,unclassified,d0044
D10158,D02260,CI,997,unclassified,d0044
D10158,D02562,CI,998,Target: MAOB,d0044
D10158,D02567,CI,999,unclassified,d0044
D10158,D03731,CI,1000,Target: MAOB,d0044
D10158,D05374,CI,1001,unclassified,d0044
D10158,D05375,CI,1002,unclassified,d0044
D10158,D10191,CI,1003,Enzyme: MAOA / Target: MAOB,d0044
D10191,D00326,CI,1004,unclassified,d0044
D10191,D00346,CI,1005,unclassified,d0044
D10191,D00505,CI,1006,Target: MAOB / Enzyme-Target: MAOA,d0044
D10191,D00785,CI,1007,Target: MAOB,d0044
D10191,D00822,CI,1008,unclassified,d0044
D10191,D00823,CI,1009,unclassified,d0044
D10191,D00824,CI,1010,unclassified,d0044
D10191,D00825,CI,1011,unclassified,d0044
D10191,D00826,CI,1012,Target: MAOB / Enzyme-Target: MAOA,d0044
D10191,D01097,CI,1013,Target: MAOB,d0044
D10191,D01501,CI,1014,unclassified,d0044
D10191,D01888,CI,1015,Target: MAOB / Enzyme-Target: MAOA,d0044
D10191,D02002,CI,1016,unclassified,d0044
D10191,D02260,CI,1017,unclassified,d0044
D10191,D02360,CI,1018,unclassified,d0044
D10191,D02362,CI,1019,unclassified,d0044
D10191,D02559,CI,1020,Enzyme-Target: MAOA,d0044
D10191,D02560,CI,1021,Enzyme-Target: MAOA,d0044
D10191,D02561,CI,1022,Enzyme-Target: MAOA,d0044
D10191,D02562,CI,1023,Target: MAOB,d0044
D10191,D02563,CI,1024,Enzyme-Target: MAOA,d0044
D10191,D02564,CI,1025,Target: MAOB / Enzyme-Target: MAOA,d0044
D10191,D02567,CI,1026,unclassified,d0044
D10191,D02579,CI,1027,Target: MAOB / Enzyme-Target: MAOA,d0044
D10191,D02580,CI,1028,Target: MAOB / Enzyme-Target: MAOA,d0044
D10191,D02581,CI,1029,Enzyme-Target: MAOA,d0044
D10191,D02787,CI,1030,unclassified,d0044
D10191,D03239,CI,1031,Target: MAOB / Enzyme-Target: MAOA,d0044
D10191,D03248,CI,1032,Enzyme-Target: MAOA,d0044
D10191,D03409,CI,1033,Target: MAOB / Enzyme-Target: MAOA,d0044
D10191,D03649,CI,1034,unclassified,d0044
D10191,D03731,CI,1035,Target: MAOB,d0044
D10191,D03733,CI,1036,Target: MAOB,d0044
D10191,D04092,CI,1037,Target: MAOB / Enzyme-Target: MAOA,d0044
D10191,D04105,CI,1038,unclassified,d0044
D10191,D04681,CI,1039,Target: MAOB,d0044
D10191,D05033,CI,1040,Target: MAOB,d0044
D10191,D05039,CI,1041,Enzyme-Target: MAOA,d0044
D10191,D05040,CI,1042,Enzyme-Target: MAOA,d0044
D10191,D05374,CI,1043,unclassified,d0044
D10191,D05375,CI,1044,unclassified,d0044
D10191,D05491,CI,1045,unclassified,d0044
D10191,D06367,CI,1046,unclassified,d0044
D10191,D07337,CI,1047,Target: MAOB / Enzyme-Target: MAOA,d0044
D10191,D07338,CI,1048,Target: MAOB / Enzyme-Target: MAOA,d0044
D10191,D07704,CI,1049,unclassified,d0044
D10191,D07705,CI,1050,unclassified,d0044
D10191,D07913,CI,1051,unclassified,d0044
D10191,D07984,CI,1052,unclassified,d0044
D10191,D08085,CI,1053,Target: MAOB / Enzyme-Target: MAOA,d0044
D10191,D08349,CI,1054,Target: MAOB / Enzyme-Target: MAOA,d0044
D10191,D08392,CI,1055,Enzyme-Target: MAOA,d0044
D10191,D08393,CI,1056,Enzyme-Target: MAOA,d0044
D10191,D08453,CI,1057,Target: MAOB / Enzyme-Target: MAOA,d0044
D10191,D08469,CI,1058,Target: MAOB,d0044
D10191,D08625,CI,1059,Target: MAOB / Enzyme-Target: MAOA,d0044
D10191,D09773,CI,1060,unclassified,d0044
D10191,D10158,CI,1061,Enzyme: MAOA / Target: MAOB,d0044
D10191,D10829,CI,1062,Target: MAOB,d0044
D10829,D00785,CI,1063,Target: MAOB,d0044
D10829,D00824,CI,1064,CYP inhibition: CYP1A2,d0044
D10829,D00825,CI,1065,unclassified,d0044
D10829,D02260,CI,1066,unclassified,d0044
D10829,D02562,CI,1067,Enzyme: CYP1A2 / Target: MAOB,d0044
D10829,D02567,CI,1068,unclassified,d0044
D10829,D03731,CI,1069,Target: MAOB,d0044
D10829,D05374,CI,1070,unclassified,d0044
D10829,D05375,CI,1071,unclassified,d0044
D10829,D10191,CI,1072,Target: MAOB,d0044
